date,cape,tr_cape,ecy,real_tr_price
1881-01-01,18.47395230140493,24.135057421965005,-0.010488744813437048,408.2251828658438
1881-02-01,18.14725816499023,23.65550326615009,-0.011392839551264043,404.30532084337375
1881-03-01,18.270119140204987,23.767712891469245,-0.013123118077292328,410.39392744440505
1881-04-01,17.95010827822289,23.30885011714148,-0.007503501721981755,406.55028230797694
1881-05-01,18.869718693152592,24.456686047737882,-0.00888108998627421,430.66520413728324
1881-06-01,19.028710731115783,24.61633067087134,-0.007732465433510208,437.5668901010217
1881-07-01,18.11636718738974,23.397455434510476,-0.004047872140695692,419.71237046187537
1881-08-01,17.28624355397345,22.29430057994319,0.0021436052233798214,403.45933869463437
1881-09-01,16.724836648772904,21.54278402265042,0.005564050621919725,393.10104389236545
1881-10-01,16.26198941118135,20.927319306516605,0.006724035747653748,384.838876240244
1881-11-01,16.478642316644862,21.189774650457174,0.005069307365658464,392.62061902037595
1881-12-01,15.958754206105075,20.509855894384803,0.004877507108947118,382.8949601754986
1882-01-01,15.678764160028742,20.14205377538326,0.006063178135554369,378.86001605828596
1882-02-01,15.153861528363034,19.46212967265172,0.009174922369645393,368.7995937730939
1882-03-01,15.091670299486742,19.377440588099798,0.007978128065748581,369.8611930643234
1882-04-01,14.9169971683753,19.149099336903035,0.0074981727357587916,368.1580192696829
1882-05-01,14.567103202191758,18.698420500259182,0.009991834775673065,362.0782301655005
1882-06-01,14.327404890131668,18.390197818723447,0.01272927625318327,358.60612249181247
1882-07-01,15.240559761217819,19.557024129217133,0.009093141918662749,383.95263009407245
1882-08-01,15.525429331463029,19.913629768832706,0.008044514050340762,393.5987470475341
1882-09-01,16.081106624462308,20.617194705981785,0.0024137828797116054,410.20422108897617
1882-10-01,15.755581030526551,20.192326679272224,0.004945010915350129,404.528193714643
1882-11-01,15.19267031316534,19.466185805701752,0.00350086184931675,392.64833074634436
1882-12-01,15.382128332081969,19.70461406329286,0.003181514310111641,400.2514789171279
1883-01-01,15.270259119098572,19.556713466650194,0.0036494449665530615,400.0275939574596
1883-02-01,14.757590146176222,18.89822218846841,0.004730537555653114,389.21824969282574
1883-03-01,15.051254121401636,19.273105236150077,0.0024952795648935655,399.6241624612138
1883-04-01,15.48206722203667,19.821692820458193,-0.0002753950050816828,413.77812970578
1883-05-01,15.335497637337063,19.632642919503564,0.0015315856185122295,412.6016471209536
1883-06-01,15.903388388583789,20.356448023345457,-0.0007597696898063722,430.6561439262519
1883-07-01,15.948783127017021,20.410434017234653,-0.0028937843102308652,434.70130380955476
1883-08-01,15.196810876629845,19.4480855081763,0.00021712055410359754,417.04203749292833
1883-09-01,15.494692425793453,19.828736618724502,-0.002034848411595694,428.06623495770333
1883-10-01,15.048056270223833,19.25930818643972,0.0021206134844089786,418.5727889361956
1883-11-01,15.408218142448863,19.72054454393318,0.0026325881891270733,431.37559991034124
1883-12-01,14.896403941887163,19.06653927301245,0.0035706001324259246,419.6984676671388
1884-01-01,14.432821721970724,18.478450440666567,0.004228642188965986,409.2734668714804
1884-02-01,14.805960228816707,18.960248831644897,0.002565822726183345,422.48596793278995
1884-03-01,14.736023454014468,18.87564245199252,0.00296970084624662,423.04848841014405
1884-04-01,14.353453682579467,18.395357641018062,0.004344405478574315,414.58844977316255
1884-05-01,13.465050313804905,17.272918948879884,0.0077210795261653115,391.4342608507539
1884-06-01,12.906876483666856,16.57556245747531,0.013335959139286327,377.68495706459834
1884-07-01,13.043931585991665,16.769768530632785,0.010776582875225454,384.05817826137445
1884-08-01,13.85981334176932,17.832062630600067,0.007126400706920277,410.44208528703956
1884-09-01,13.569154744335716,17.474388100341255,0.007694843940038776,404.11993166537667
1884-10-01,13.273251319134154,17.112421679154792,0.00992654007789548,397.58200059629587
1884-11-01,13.304437602119727,17.17305163857286,0.00845266083106605,400.75252458542826
1884-12-01,13.432292746944757,17.357970009963758,0.006713915407826301,406.83526953126585
1885-01-01,13.129817425635961,16.98737917725712,0.008512315822483643,399.8375154136371
1885-02-01,13.384817593597964,17.334064590871243,0.008292950963367296,409.73034581874947
1885-03-01,13.73419409345251,17.803189669171864,0.004292613198831896,422.5589013067612
1885-04-01,13.548548541030055,17.577505686645967,0.005737937472184748,419.0256902633556
1885-05-01,13.711371872561935,17.80497505459177,0.005144821410869305,426.27486650452016
1885-06-01,13.978784368698346,18.166486027738852,0.0032111125845226546,436.8412178233283
1885-07-01,14.326658777089325,18.627238981582394,0.002756914179160838,449.95393422364816
1885-08-01,15.130410796707153,19.67613967612184,-0.0016484217982207644,477.38918597163075
1885-09-01,15.116285028724242,19.66267185452263,-0.0017970460660680782,479.1870674298112
1885-10-01,15.991023962168978,20.7990746396801,-0.005290783812507999,509.1723269879593
1885-11-01,16.824034498619017,21.87509966239493,-0.006273332459197527,537.9283079108628
1885-12-01,16.30447595227852,21.19298777251172,-0.0011325526271278932,523.4135257821629
1886-01-01,16.692317470797647,21.692296410859058,-0.0038685591279262257,537.921605523145
1886-02-01,17.00664825946099,22.092422581197706,-0.005100824088171967,550.3067332580024
1886-03-01,16.84326610157013,21.873223559591626,-0.00581629727496967,547.4354100577675
1886-04-01,16.801716131246298,21.812473807208228,-0.006115746325158253,548.7138206609256
1886-05-01,16.86319551509782,21.88583969576427,-0.005358207123118915,553.5676056106023
1886-06-01,17.831494055376876,23.12866698957649,-0.007215438082054132,588.3990742887872
1886-07-01,17.8458450415322,23.130067401873372,-0.00616328674031328,592.0034129578423
1886-08-01,17.72391279961926,22.9549738392198,-0.005608130449167872,591.1554325903408
1886-09-01,18.147143925800016,23.484613598095923,-0.007953456270479213,608.6313962632862
1886-10-01,18.562381342866555,24.00146128872794,-0.011092002599045234,626.1511805419902
1886-11-01,18.968312634942826,24.504279362629482,-0.013247391881082038,643.7138899820595
1886-12-01,18.19405755688643,23.485324841739722,-0.011670475276021233,621.4036739579029
1887-01-01,17.512222096304946,22.590754381510635,-0.009020288675654728,602.1494002274536
1887-02-01,17.125366596972306,22.08092296188741,-0.004139971811610771,592.7988815457893
1887-03-01,17.473213711513747,22.517438233129713,-0.0009743604392795854,608.7379308954146
1887-04-01,17.822983639100705,22.95367744890201,-0.004920784000872494,624.7526413055085
1887-05-01,18.075445427458238,23.264710044683643,-0.007584211150465731,637.611235539275
1887-06-01,17.70769566327298,22.781332053852914,-0.0023459262036217565,628.7531135001492
1887-07-01,17.431460535613066,22.41655595342334,-0.0036613784970699753,622.9787009809627
1887-08-01,16.739849614820695,21.520614675737043,0.003477957623553088,602.3484235897466
1887-09-01,16.676629667380134,21.434140136239723,0.0033621784870727298,604.0358702703168
1887-10-01,15.880666812517303,20.40860138764957,0.0074165025414431734,579.1414942975581
1887-11-01,15.950712201066768,20.4958572795052,0.010122384862189353,585.6041737674891
1887-12-01,15.455513454469937,19.857946875058207,0.014297028255089161,571.151981685087
1888-01-01,15.358662514259898,19.731734100274647,0.01872041557516474,571.1631792969478
1888-02-01,15.418178318820527,19.80730272737445,0.01854597359622897,576.702366015365
1888-03-01,14.808972366946561,19.0266114931917,0.02348477572468969,557.0875680550886
1888-04-01,15.020108681844453,19.29957161656765,0.0226329960426276,568.0347178592829
1888-05-01,15.387916957229125,19.77268583969424,0.023320027160848585,584.8746041682992
1888-06-01,15.077628818434688,19.375983676114195,0.02589853733472125,575.8110996160051
1888-07-01,15.27964251549817,19.63500958154646,0.025259012921316826,586.0575407935522
1888-08-01,15.602911670088801,20.049771885586605,0.02297457519121119,600.8486525599809
1888-09-01,15.987828821761417,20.542902549349087,0.021614886504528356,617.9680705178406
1888-10-01,15.715941874329697,20.193130565349644,0.025156877140990935,609.5846765381142
1888-11-01,15.223749016946275,19.562485773849467,0.029677725599002697,592.3618120504993
1888-12-01,14.946748301089219,19.210201901691875,0.033377840719047105,583.2239151406872
1889-01-01,15.802286071028155,20.31219865365568,0.025278875559769487,618.0507627309207
1889-02-01,16.192720447848984,20.813307687489537,0.021448301616429744,634.9299748610609
1889-03-01,16.06504536076928,20.648519003321084,0.021895429954547907,631.6336728288877
1889-04-01,16.050104533967474,20.62645881714219,0.02312853676069851,632.7158069472376
1889-05-01,16.915421076068373,21.73141041381734,0.017511818172382114,668.4173741976367
1889-06-01,17.219302943947678,22.11062338399529,0.017655225131784545,682.0809812359812
1889-07-01,16.889214491107506,21.67536870517095,0.017653549602927955,670.5679753943547
1889-08-01,17.13185397534572,21.973135389628144,0.016839963503965195,681.7789019389588
1889-09-01,17.350788026348592,22.236764738619257,0.01396010132921141,691.988422413887
1889-10-01,17.053214402955483,21.840470810168483,0.009590759257984229,681.7312667525612
1889-11-01,16.906021170249364,21.638643677166293,0.005033391836815372,677.7418763767497
1889-12-01,16.610338076603387,21.24815598812764,0.00438976490338841,668.0165138690729
1890-01-01,17.220071982181892,22.015486326741613,-0.002955558999891632,694.7988032909062
1890-02-01,17.026814982671404,21.755939559525395,-0.0024631020800412184,689.4177716669062
1890-03-01,16.901122288589903,21.582789932235602,-0.003114404003578819,686.6099925216463
1890-04-01,17.257854542603198,22.02357646134452,-0.000757033008033002,703.2984298398808
1890-05-01,17.786430487858613,22.677242329476805,0.0014888374225166742,726.6191852904255
1890-06-01,17.68436084445016,22.525314186078052,0.003649474647291602,723.8178657741813
1890-07-01,17.589295440864856,22.381223142941977,0.0037884300307326133,721.0073424005061
1890-08-01,16.5967911339791,21.09741791347091,0.010599942338932966,681.2429694208279
1890-09-01,16.1697020006153,20.535953743709676,0.01218010758330635,664.3097558595814
1890-10-01,15.482849163344433,19.649063391074293,0.014756977765159704,636.6301826987656
1890-11-01,14.7450434932928,18.703194594453663,0.014479293188767409,606.8374337247654
1890-12-01,14.442991231338432,18.31102937730035,0.014743783055441023,595.0270802729389
1891-01-01,15.428980086469085,19.546976727737338,0.00994938082518882,636.1076792100681
1891-02-01,15.47652233243253,19.5907605967742,0.009970047115819294,638.6145451521223
1891-03-01,15.05162335765738,19.038836516513708,0.012986888034787779,621.7832684751979
1891-04-01,15.408945125474117,19.474152883159576,0.011648752704439332,637.2496351494465
1891-05-01,15.56649523071325,19.657392023024798,0.010822741109611213,644.619974235622
1891-06-01,15.658211395638142,19.757483904273556,0.00809788793625777,649.4477782277123
1891-07-01,15.617919238645987,19.690897636411638,0.006103937149086615,649.1064142113868
1891-08-01,16.163998509963033,20.36026349443656,0.0020408967091835248,673.3741941976267
1891-09-01,17.711261413256523,22.282941160981018,-0.00826683321118614,739.6440803060303
1891-10-01,17.716568589826355,22.264637311753706,-0.009170423000387867,742.1881969049567
1891-11-01,17.671739174763996,22.185040648628018,-0.009328328165197339,742.8877114052294
1891-12-01,18.20630300020993,22.82874423368272,-0.010973154464467415,768.1223098561372
1892-01-01,19.01638840422527,23.8152221994576,-0.015780715423090876,805.3316425747132
1892-02-01,19.036425040978433,23.810068229783113,-0.016860961424131293,809.5129848750141
1892-03-01,19.73805484932301,24.656692455920012,-0.021394100412433767,842.9565865641194
1892-04-01,19.943265241638642,24.881133648672172,-0.024221072749668865,855.7097054535283
1892-05-01,19.9114652134898,24.81009139083567,-0.025143580225281473,858.6324841153332
1892-06-01,19.76928439713674,24.603632002808627,-0.02577697882883572,856.9624927488611
1892-07-01,19.21188643450555,23.882788577933088,-0.020998101755070595,837.3181747658409
1892-08-01,19.20430380317382,23.846985014935324,-0.020715090945244062,841.278920614877
1892-09-01,18.6942718095882,23.191984913721978,-0.016774511432559924,823.2532972416788
1892-10-01,19.04021491532471,23.596821279777327,-0.016971520676857095,842.7417158520212
1892-11-01,18.463312690799995,22.858807224266293,-0.01205952689253064,821.3857921355012
1892-12-01,18.013009251275744,22.281362092837373,-0.008686892998924362,805.2931927231837
1893-01-01,17.656643708098773,21.82018974489353,-0.004102154836255777,793.0996143442743
1893-02-01,17.125193854872453,21.148920730797148,-0.0020583817590019773,772.5030363466348
1893-03-01,16.899589031582323,20.861750450681825,-0.0026649839599117986,765.5228342226479
1893-04-01,17.102541578254918,21.10403480151058,-0.003588799163466584,777.9331392270727
1893-05-01,15.780987310776252,19.473767640170006,0.0010804606415404303,720.9581660448637
1893-06-01,15.41650386359769,19.029235819010797,0.003033680296041702,707.4244885984657
1893-07-01,14.34985418276095,17.725059871200955,0.007334390771946073,661.5449606360064
1893-08-01,14.588056535807814,18.033912740781638,0.0023197397456332647,675.6424741737734
1893-09-01,15.012069079138762,18.56701455194231,0.005344300356698833,698.3807514851301
1893-10-01,15.271794153520185,18.897533570630863,0.005529562016369907,713.0809857477635
1893-11-01,15.942411400571675,19.737917734430333,0.001258378497180808,746.8630146595065
1893-12-01,15.612694335464933,19.34352062821003,0.0003074989231914016,733.9051315155197
1894-01-01,15.739869351948224,19.517070327772903,-0.002831422459346672,742.4138854277984
1894-02-01,16.20273659644993,20.105790744253245,-0.005802921443880442,766.859866077848
1894-03-01,17.187622088121937,21.341016645575838,-0.011905071655421214,816.1110831864415
1894-04-01,17.43484907805246,21.659778276889067,-0.010514783387850009,830.5377918576255
1894-05-01,16.808751920918013,20.89676943967872,-0.0061149548233006695,803.1757818549054
1894-06-01,16.60631969529253,20.66103102756659,-0.005189733127550049,795.7220672126912
1894-07-01,16.289679714916954,20.28546526822135,-0.0027700206733355104,782.6846317297307
1894-08-01,16.45777707299837,20.51054955060217,-0.00041677578936871046,792.6034791225873
1894-09-01,16.522315444877215,20.60726506505566,0.00197686235302736,797.2511746811712
1894-10-01,16.502904205708425,20.602914844137338,0.0005772497776944316,797.7091543482915
1894-11-01,16.542784447444554,20.672276347819018,0.002824663668923248,800.9762696060197
1894-12-01,16.67246633376773,20.85501361117498,0.002265509077856484,808.3713430894298
1895-01-01,16.524443935162715,20.692167083108203,0.003002789151904238,802.2349272931484
1895-02-01,16.33123769321141,20.47204638542374,0.0024857878192883973,794.1606687013922
1895-03-01,16.3646254271748,20.534641990203504,0.00449094401972347,797.3985950554849
1895-04-01,16.3875438236863,20.578453397959464,0.007325555809035149,800.0926422967292
1895-05-01,17.08036955338239,21.46014976867638,0.008376111407965625,835.5063732358653
1895-06-01,17.207413539783385,21.628273210067622,0.011519126998025972,843.2870956062271
1895-07-01,17.546014648740556,22.060403147384232,0.007755338058063575,861.4815936146792
1895-08-01,18.074072547241794,22.728369644725106,0.0046143262527669066,889.4340345318827
1895-09-01,18.200335946605467,22.888669564420354,0.005293774765856435,898.0219936335739
1895-10-01,17.94470662246647,22.567892520739914,0.005959807326270571,887.9813500775081
1895-11-01,17.34299899192169,21.81294655605139,0.006596607147556562,861.0568208259474
1895-12-01,16.54841515666796,20.81864807762806,0.005561347625954199,824.8321053630897
1896-01-01,16.576224828568186,20.858552156094383,0.0062604116349686545,829.986186851488
1896-02-01,17.51540335263727,22.04059203127032,0.0017805233819332758,880.6034176174138
1896-03-01,17.23236271229861,21.68500769922262,0.004059869954454731,869.8432354077628
1896-04-01,17.643699378130005,22.201842765217222,0.002630457406601623,893.8313472424582
1896-05-01,17.828266894232833,22.432252972027996,0.0031802127213657327,906.2455924384808
1896-06-01,17.777578616430464,22.366260400602872,0.0032653672633128003,906.4724790013888
1896-07-01,16.637100103394587,20.933061531248516,0.006053299737138161,850.9405480829358
1896-08-01,15.70337054622688,19.764265040091693,0.008576166713634738,805.7132685811764
1896-09-01,16.54433994303202,20.824903901677782,0.005505869389791779,851.2240847690784
1896-10-01,16.438866804725894,20.692151790835588,0.008989479904527212,847.8507846742663
1896-11-01,17.08942524237112,21.506675169836175,0.009693020080220334,882.90095622789
1896-12-01,16.501404180590093,20.76576412109733,0.010736338168094939,853.6724999144094
1897-01-01,17.026521282380557,21.425908946193225,0.003822704751421782,881.9039842406553
1897-02-01,16.8940258832541,21.25706036237788,0.0031669328023881463,876.6794345709834
1897-03-01,16.958030716721044,21.333760247196004,0.0029851886508370507,881.9227326246378
1897-04-01,16.69685743473466,21.001906820502292,0.0025014578482112013,870.5194372795914
1897-05-01,17.047755129229387,21.436906305372055,-0.00015688683077025312,891.3266558694615
1897-06-01,17.85049728069061,22.433196984133886,-0.0015985160058095693,936.1114510785887
1897-07-01,18.65197575582029,23.420666317964187,-0.002794348769244434,981.0535699242821
1897-08-01,19.00639601051944,23.838146387477543,-0.0005732139020454205,1002.5717598500602
1897-09-01,19.372370293397793,24.26674891110822,0.00245846122309111,1024.5854291151911
1897-10-01,19.028031223902424,23.807217097742313,0.0008620890733763292,1008.9643997834266
1897-11-01,18.358448098050218,22.943021658320266,0.0016591271266084423,976.5184491679844
1897-12-01,18.7487576625255,23.40112190365429,-0.0017115718291626572,1000.6689054377299
1898-01-01,19.24900002181375,23.993240200753753,-0.004173901424534915,1031.245484957044
1898-02-01,18.918131888002137,23.55129001132509,-0.0005501052134226914,1017.8193946215167
1898-03-01,18.04217492346868,22.43778414671469,0.0022245766228676314,975.0619234751133
1898-04-01,17.705089426411774,21.998739622916403,0.004621868235449425,961.5491029478139
1898-05-01,17.595635274512812,21.83940261325728,0.013036233662140288,960.3422234889217
1898-06-01,19.544817480547987,24.23494684379781,0.002033044597252995,1071.4199151745413
1898-07-01,19.858943014167302,24.59715650008217,-0.001123227427590412,1094.4527539568926
1898-08-01,20.544915179153275,25.417053562570178,-0.0025961971848833393,1138.8574454982568
1898-09-01,20.442732862691294,25.263043091810594,-0.002144569269449642,1140.2080828861815
1898-10-01,19.947199825773655,24.62718122980345,-0.001867315814790202,1119.9166421462253
1898-11-01,20.527416324811288,25.31904368550378,-0.004208102351561167,1160.478283248424
1898-12-01,21.403631985448175,26.371858460631426,-0.004605071180203091,1218.687958864728
1899-01-01,22.93280741648718,28.222949576087572,-0.004067429276464848,1315.0469914588584
1899-02-01,23.048117549980198,28.3259930695927,-0.0004102598870393409,1330.9383459213948
1899-03-01,23.279682245508724,28.57038968466714,0.00031393768145793893,1353.4809823271553
1899-04-01,23.15242152568649,28.371517887505863,0.001854073264290143,1355.4159101078112
1899-05-01,22.091269360834183,27.033363884659096,0.006334179078361583,1302.499608411498
1899-06-01,21.212091925046828,25.920743190931283,0.009501504064623308,1259.6952500924851
1899-07-01,21.56142563452312,26.30763963837571,0.010012959005826133,1289.6394292213204
1899-08-01,21.726237373055458,26.466629854714565,0.010920774676827755,1308.813372377942
1899-09-01,20.59114051411377,25.044683828420094,0.015989821882392695,1249.4221773210477
1899-10-01,20.153713460686603,24.4767232962824,0.018243647300443047,1231.5490110427857
1899-11-01,20.196457520802287,24.49141414818264,0.019324774289488686,1242.9005080228185
1899-12-01,18.512649643600195,22.419855109110483,0.023771700547836942,1147.615911896415
1900-01-01,18.674275362444778,22.587334824329044,0.025737811567035224,1166.321860626454
1900-02-01,18.703797417251426,22.595749104853372,0.026897652963089297,1176.761745454411
1900-03-01,18.775793421238365,22.658551692872024,0.026734307147491414,1189.9079364513352
1900-04-01,18.936402033322725,22.83012295722641,0.026324249917931558,1208.9160504521553
1900-05-01,18.40319701695041,22.172115694151753,0.024232858651637663,1183.8308901517044
1900-06-01,17.992711584303976,21.667091326067705,0.024286393111291125,1166.9477162249584
1900-07-01,17.689545468952797,21.29388970995716,0.026508372245072756,1157.0191441491104
1900-08-01,18.06961466678419,21.745469843487967,0.020503000596817957,1191.7916798036426
1900-09-01,17.34187415122471,20.86922595392474,0.022910446651602412,1154.0934833617239
1900-10-01,18.10239878455605,21.78469252513004,0.019307613480088817,1215.4282749977847
1900-11-01,19.41958460376076,23.365476491847218,0.017974812589310524,1315.4078679182555
1900-12-01,20.74405116087085,24.95113991708662,0.013490267445614518,1417.1455889046756
1901-01-01,20.97858183453619,25.223107928844335,0.015441362892157348,1445.5197643898462
1901-02-01,21.67914984820619,26.053251360808822,0.011385946036258685,1506.082643911719
1901-03-01,22.34758395068385,26.840868787784984,0.008747130120826396,1565.3738284565193
1901-04-01,24.409716994827207,29.293804989254255,0.0024736219890211172,1723.56279909182
1901-05-01,23.064012684863556,27.661102045351104,0.005972805426365108,1642.189390404558
1901-06-01,25.23846620596035,30.240388110984227,0.004568493362102792,1811.259126048839
1901-07-01,23.144848553708105,27.711150600769955,0.010564738337857378,1674.1407828795973
1901-08-01,23.07717771384438,27.608909472820393,0.011866188520390432,1681.8531383572224
1901-09-01,22.59046831686024,27.007461920877017,0.015205420693573543,1658.5007637960668
1901-10-01,22.252901618408927,26.58645500664792,0.015810256650797078,1645.3139551189258
1901-11-01,22.3750747776528,26.71321524902838,0.017977489621420505,1665.8757032280257
1901-12-01,21.68021514102968,25.86678433843528,0.020547449641533218,1624.993911076915
1902-01-01,22.340290796033575,26.635699508412827,0.02049397430329227,1685.2682905630343
1902-02-01,22.459957452460404,26.75607038946575,0.020155481430143764,1705.360410566596
1902-03-01,22.410652288217346,26.674136055631237,0.022808465227320156,1713.038696908433
1902-04-01,22.823108698497855,27.136318879518495,0.024471114945135063,1756.0053585931482
1902-05-01,22.42795449332981,26.637764485324794,0.026342382656398537,1736.7816166453256
1902-06-01,21.963742295514628,26.05879162661758,0.02837121208353236,1711.9392189758912
1902-07-01,22.38568658940137,26.529400003167847,0.024709335896387782,1756.1422631376765
1902-08-01,23.16867183409287,27.424898531949317,0.02059537247477842,1829.943868936311
1902-09-01,22.856566381954504,27.02274680151299,0.02226649978855407,1818.3551298721713
1902-10-01,20.604425401859814,24.33333525952324,0.03379123549893955,1651.2362667174339
1902-11-01,20.408541255072187,24.081790733787177,0.028188898983770673,1646.6446930810857
1902-12-01,19.63323212682385,23.148327929237514,0.029881822071487305,1596.2324509718305
1903-01-01,20.318132053828503,23.933621799528503,0.02546151546749456,1664.5138589000817
1903-02-01,20.107051517552815,23.668501052173443,0.024686947627897783,1660.1410668771439
1903-03-01,19.884560384872845,23.396709569309277,0.024210704457160566,1655.0679907610117
1903-04-01,18.980022601826274,22.326326741828456,0.02776058170571815,1593.219724971775
1903-05-01,18.95485872303988,22.29434553241508,0.02668172464275373,1604.6556191075076
1903-06-01,17.81855172296852,20.961154591653766,0.03251612460807788,1521.9595510175377
1903-07-01,16.918178414766665,19.910404565550817,0.03804595244435376,1458.044668897682
1903-08-01,16.299118790903503,19.194017449266077,0.044293346247704896,1417.3063332400507
1903-09-01,15.654359115196923,18.449326201499147,0.043822618555605916,1373.2771403682505
1903-10-01,15.252943825778845,17.99668508516974,0.04292651107252159,1350.3609259581124
1903-11-01,15.407877534297903,18.20173331810415,0.0436635306827503,1376.9451025816147
1903-12-01,16.042894140050148,18.972073171795223,0.04237139504346583,1446.9251947112275
1904-01-01,15.861833914033648,18.777066213619005,0.048148955439236446,1443.5465780075833
1904-02-01,15.021498380331444,17.80303550612037,0.05535702310916054,1379.1336292876265
1904-03-01,15.081930176258869,17.896547323807187,0.056792722066092094,1396.583644699474
1904-04-01,15.565490611691489,18.49032705873973,0.053495648241962644,1453.63633448314
1904-05-01,15.525820896254645,18.46478328377084,0.05121558713443851,1462.694249739457
1904-06-01,15.47443363865266,18.42466437607885,0.05136280831355524,1471.1328704110306
1904-07-01,16.036401629624116,19.112780970977052,0.04903155004760614,1538.2999160958109
1904-08-01,16.304651978851037,19.44975342795367,0.04621695794790068,1578.034251948694
1904-09-01,16.74260004916369,19.98823537671205,0.04429908922806983,1634.8085637583974
1904-10-01,17.633197370821406,21.065460476613325,0.044090692490658764,1736.736569918867
1904-11-01,18.07620022377007,21.60536546382674,0.044959090131715305,1795.4417976621114
1904-12-01,18.159679118703203,21.716798230078172,0.046112947895593566,1818.6997646452903
1905-01-01,18.45985203245585,22.08768980166534,0.04515084406533422,1864.1066354359343
1905-02-01,19.16899637582983,22.944184172180915,0.043188467656359655,1951.697165983756
1905-03-01,19.831506074218417,23.742093324670726,0.040329691823584674,2035.8247087040913
1905-04-01,19.482927524711286,23.328639790056243,0.03692213921951104,2017.0167627534206
1905-05-01,18.629487509845124,22.313429429486106,0.03674478571086427,1945.8461168291944
1905-06-01,18.73586238618353,22.445296542536884,0.035098049687541745,1974.8430393544922
1905-07-01,19.205883309548042,23.009841754484807,0.03521715586649458,2043.0000011109737
1905-08-01,19.573308430803714,23.44749851774369,0.036851800488857715,2101.0582280321223
1905-09-01,19.743492419697777,23.647692425098622,0.035287476611482196,2138.3996171233903
1905-10-01,19.897394814329523,23.82564560155491,0.034937378685382096,2174.8253895830026
1905-11-01,19.443525693264977,23.275233759233995,0.03731781877907997,2144.9053768065523
1905-12-01,19.577960809096112,23.42709697236223,0.03958861062069839,2179.479336494765
1906-01-01,20.13240226080789,24.078997473407536,0.039675566924175946,2261.2631182358045
1906-02-01,19.866752563675885,23.751613317696652,0.04161458175295276,2251.7495467074623
1906-03-01,19.259453020854107,23.01907733640884,0.043001783462784965,2203.2584265795995
1906-04-01,18.876204996115877,22.557115123058125,0.045354641484752115,2180.0831132658477
1906-05-01,18.054044460926384,21.57387211863317,0.050240640291034415,2105.544025058806
1906-06-01,18.172666376497496,21.71557632675156,0.05122900541207512,2140.0439067330176
1906-07-01,18.19520014351374,21.745449504726224,0.04747009624297462,2164.0572180872546
1906-08-01,18.967251477549297,22.665609452316442,0.04737163429194407,2279.20650115443
1906-09-01,19.200993682001354,22.942876422324723,0.04768194519702301,2330.752905615475
1906-10-01,18.095380908869096,21.62396308597394,0.04985262450633309,2219.2322937751946
1906-11-01,18.141851654007958,21.683247782770625,0.04763862542710338,2247.922934590424
1906-12-01,17.660003667768652,21.113963621900098,0.050043759456829984,2211.3123506427305
1907-01-01,17.218913853705978,20.59638981475307,0.05317972932143329,2179.1285710819334
1907-02-01,16.21707128876615,19.40925215098123,0.058799011605751024,2073.8626349734473
1907-03-01,14.68754525597865,17.597254765750453,0.0639599861306817,1897.691476895115
1907-04-01,14.669709905602739,17.59427766957997,0.06540754954524772,1914.6097183752593
1907-05-01,13.790107153424243,16.55934393178071,0.0733295082211956,1817.673644311159
1907-06-01,13.144269952673204,15.806056111254934,0.07780157555740236,1748.9760025664436
1907-07-01,13.585007357961839,16.357098050767227,0.0751666906208552,1823.7703812986456
1907-08-01,12.513471604446611,15.092007281741015,0.07669387939475067,1695.0664872629582
1907-09-01,12.328569657736628,14.895547932371377,0.07477365329913244,1685.1241982163738
1907-10-01,10.831840153050607,13.118926370609215,0.08833993148156212,1494.6645800471877
1907-11-01,10.591177559189788,12.863256624926676,0.08597017044490043,1475.282670984384
1907-12-01,11.333306235811175,13.798214088041597,0.07740870289309013,1593.3661753661245
1908-01-01,11.902968628266981,14.522352358595409,0.0718963826040648,1688.4544547104308
1908-02-01,11.554846295144793,14.129214575724491,0.07193161672945622,1653.9109474607392
1908-03-01,11.984662664464299,14.683723501046018,0.0689194888603645,1730.5505077786806
1908-04-01,12.448889158370367,15.277960676656996,0.06703198777698424,1812.566684373006
1908-05-01,13.078451355438338,16.073179553710744,0.05630417127224624,1919.036200491339
1908-06-01,13.051684129229994,16.063482493706534,0.06350533344627629,1930.3542383710392
1908-07-01,13.345487104834397,16.444418748089582,0.06448822843687027,1988.0230653196502
1908-08-01,13.884232895208614,17.124917552510798,0.06167234257339617,2082.0127963739515
1908-09-01,13.701442268825112,16.91621368985676,0.06272488169991658,2067.939465325016
1908-10-01,13.690810359178707,16.918532418224817,0.06398415573784291,2079.2434546975437
1908-11-01,14.435014091256264,17.849788804262815,0.061411293814185954,2204.7762039313297
1908-12-01,14.582482908962438,18.042310998691566,0.0604315993348001,2239.2112034782676
1909-01-01,14.764418456441357,18.278868975062466,0.058589112632355805,2278.978651306447
1909-02-01,14.167157516701366,17.55101294221442,0.05955257646841427,2198.707330706284
1909-03-01,14.336058380586223,17.770999224836917,0.05859596707282831,2237.2263511779374
1909-04-01,14.645198603086124,18.161144521921862,0.05774055990348476,2297.8240972726976
1909-05-01,14.953509786582785,18.54840515207684,0.05726227688797464,2358.4957260092033
1909-06-01,15.040444676081,18.659373227262552,0.05641457920805493,2384.3671908150623
1909-07-01,15.231503240497684,18.89833907901378,0.054094626464790664,2427.012084628338
1909-08-01,15.417580706254759,19.12891164781567,0.052867298335827664,2469.346080451269
1909-09-01,15.254446436821178,18.92589078547678,0.050537394058907385,2455.920481410445
1909-10-01,14.988845296121767,18.595961438316643,0.05231030423914049,2426.2096850350263
1909-11-01,14.745631176824586,18.294340914901564,0.05301875245129044,2399.6795755481653
1909-12-01,14.750638489265036,18.29971854594584,0.05260959034571181,2413.3993001696554
1910-01-01,14.547885040564148,18.048500786602396,0.05244998640213818,2393.2890179524165
1910-02-01,14.002037903032702,17.3741424859135,0.05384716903319012,2316.619086201709
1910-03-01,14.050006965077824,17.43573047456359,0.05549236938822475,2337.7604798441944
1910-04-01,13.55988362082008,16.832242284802877,0.058968363511062584,2268.822258277904
1910-05-01,13.568792287251453,16.849954664554463,0.05939787927567449,2282.9396248888474
1910-06-01,13.019657302315936,16.17690827240452,0.0627246645627964,2203.1320746121114
1910-07-01,12.342581259985218,15.347332499645283,0.06562238501354803,2100.9951137355197
1910-08-01,12.745055150886255,15.858955310848524,0.06327249337475832,2182.3711436470358
1910-09-01,12.937161101070847,16.10872043328078,0.05979510593695844,2228.3096298631867
1910-10-01,13.918866656445815,17.33982390858315,0.05248976494758454,2411.4578091867547
1910-11-01,14.164523175780356,17.65392169100569,0.049104853476430455,2468.8362640552264
1910-12-01,13.741478417781552,17.136316385812226,0.052485548384874396,2410.2754325143533
1911-01-01,14.049215181401207,17.527975125717877,0.04956762270364154,2479.298973905878
1911-02-01,14.721488469928307,18.374592785196647,0.04436027884105166,2613.3874077978826
1911-03-01,14.370623221979534,17.944211955514458,0.0470699764010383,2566.4486474579708
1911-04-01,14.752935420329358,18.430686396998254,0.0432591607083098,2649.8935221001407
1911-05-01,15.047660591685045,18.805342832580795,0.041906552892054874,2718.187293727542
1911-06-01,15.328355684719282,19.161771874042568,0.040664609815320156,2783.8959352337897
1911-07-01,15.083110578700264,18.861627429791668,0.04152012374329102,2753.7434194550565
1911-08-01,13.899790665654443,17.392599372771905,0.04910389645939885,2551.0935013809585
1911-09-01,12.997953983252437,16.279970359273154,0.053875847855920846,2397.9274507013383
1911-10-01,13.066472850619192,16.382298462120705,0.05344740984881335,2422.5889498579168
1911-11-01,13.727997586413094,17.226467153366833,0.04745119494291522,2557.0516376410365
1911-12-01,13.929258419578238,17.494076442996043,0.04409843542917355,2606.527494920548
1912-01-01,13.794952631845828,17.340766146480266,0.047047640823835585,2593.310367421324
1912-02-01,13.5316343696866,17.024470442136412,0.04914293070284783,2555.140700438565
1912-03-01,13.639769173944172,17.172513777043736,0.050265881303448695,2586.419077161483
1912-04-01,13.654392690553241,17.200337051440417,0.051641620629539,2599.2799950161675
1912-05-01,13.645500685612376,17.19887872315536,0.05011670072525536,2607.2802120324586
1912-06-01,13.785417404502537,17.384332578345735,0.046814057743688214,2643.9799403596003
1912-07-01,13.802876645015793,17.414315464952494,0.04635563479227679,2657.68282178328
1912-08-01,13.984761763426285,17.649150043747618,0.04723887375824063,2702.8936149865835
1912-09-01,13.92628500131588,17.579229265969392,0.04697529258614501,2701.146054122005
1912-10-01,13.905092701178475,17.556109765014835,0.039873848016867934,2706.5862426336453
1912-11-01,13.749541018606541,17.36510994547769,0.043679918829743154,2687.3137349032395
1912-12-01,13.388999452579641,16.915632310225785,0.043149761425109054,2627.2074500875174
1913-01-01,13.148088791761571,16.61651071171893,0.04402058279252268,2590.6006621777847
1913-02-01,12.682960516236763,16.03745094184854,0.04705151250289674,2509.8184909915954
1913-03-01,12.443453515183666,15.745059939032126,0.05221025365417392,2473.444309962732
1913-04-01,12.433067081795171,15.742029169880428,0.05251905504882278,2481.876506473968
1913-05-01,12.22140106115413,15.486455408529723,0.0554485291804662,2450.410237359601
1913-06-01,11.491962852761233,14.577005951226637,0.061927636746905185,2314.773494539767
1913-07-01,11.534022795459864,14.645116150014806,0.06288622755167764,2333.720613007787
1913-08-01,11.846840543564635,15.056415065211732,0.06083856612903764,2407.4469021186037
1913-09-01,11.843316826625976,15.065935573976558,0.06095116122182326,2417.219142206493
1913-10-01,11.471490240312297,14.60985740141172,0.06510872196035129,2352.0420727214414
1913-11-01,11.072537845038013,14.120136915548969,0.0707020157401892,2280.8261655019373
1913-12-01,11.1740408700368,14.26876114026941,0.0691064028581346,2312.2194001774174
1914-01-01,11.636092105046139,14.875360055450983,0.06342152742930657,2418.5076779529854
1914-02-01,11.910233879798243,15.242178170369371,0.058042327223677234,2486.4740587589727
1914-03-01,11.685526018836834,14.971980169053358,0.06073786169466484,2450.9215847466467
1914-04-01,11.522662536200238,14.7816426259676,0.06201077619782009,2427.8209514327996
1914-05-01,11.479008694164484,14.742681655780244,0.0656777188335126,2429.3184318466497
1914-06-01,11.428715168831891,14.694917610765906,0.06599441524600613,2428.575066353429
1914-07-01,10.694345183040141,13.769849699257303,0.0729622912812101,2282.177245586948
1914-08-01,10.492046265076441,13.528140067051348,0.07552710247656476,2248.1108402836435
1914-09-01,10.500497301802136,13.558230015308231,0.07420232310027496,2258.7220405388885
1914-10-01,10.61275946612623,13.72247789321288,0.07212274741887856,2291.72871124009
1914-11-01,10.516917642992128,13.617092303207153,0.07160265201032098,2279.725581229845
1914-12-01,10.17221799199787,13.191719327709954,0.07375482593558735,2213.8625316793073
1915-01-01,10.359834197757275,13.455503012706068,0.07190782363139467,2263.5815668578834
1915-02-01,10.329786209660698,13.435767253018044,0.07133471798685692,2266.3938198167884
1915-03-01,10.707013188682819,13.942381087442422,0.0682086390079309,2359.146637798829
1915-04-01,11.401123789000192,14.855567969356292,0.06370342372985313,2522.2993136112964
1915-05-01,11.02692987647132,14.376666202260209,0.06901695385902695,2449.879926040086
1915-06-01,11.154262189096345,14.548595263420419,0.06814004213571455,2488.5284510787687
1915-07-01,11.113629393949605,14.499550030038975,0.06862615357373833,2490.2256439900552
1915-08-01,11.584831641604602,15.113448857043235,0.06395924085947774,2606.9828215781745
1915-09-01,12.011570757825893,15.664883714157833,0.06221627196136811,2714.8916165132596
1915-10-01,12.54907613322016,16.354096721194864,0.059814212715783195,2848.3582920526374
1915-11-01,12.857714453559318,16.740136872288527,0.05788871956874936,2930.4978265689033
1915-12-01,12.878444602185995,16.74931303094311,0.056769648712160496,2947.793752782796
1916-01-01,12.543563692516178,16.297027766820708,0.05998679158531076,2884.5681134475253
1916-02-01,12.354652326458798,16.03483561213687,0.06105579976767142,2856.013568608887
1916-03-01,12.17705279574848,15.786513243251873,0.06306359144997695,2831.439828673324
1916-04-01,11.906481776593186,15.418161727089233,0.0657487226445874,2786.2058136226747
1916-05-01,12.026256671905163,15.55319389347211,0.06457962029551502,2833.3093977963276
1916-06-01,11.995961222946582,15.493035511158208,0.06559125517043005,2846.8192371204414
1916-07-01,11.79116527525455,15.208320664732765,0.07036450096274427,2820.099892036998
1916-08-01,11.732082638874163,15.109356185858445,0.069255463374403,2828.453926754501
1916-09-01,11.94455241750447,15.357396326406246,0.06830811376991239,2904.108036748044
1916-10-01,12.045741763370795,15.460165685093656,0.06703148891235847,2954.33806909002
1916-11-01,12.053230403230497,15.442014290555143,0.06752161327959103,2983.172618007555
1916-12-01,11.41355918884949,14.599793322642679,0.07181205034640314,2852.21151807262
1917-01-01,10.992361427383425,14.041135988701287,0.07700006175641584,2775.191691095206
1917-02-01,10.063187738735722,12.842799550212732,0.08553166973413773,2566.8386288526804
1917-03-01,10.327157080107874,13.17039303978449,0.08379774541294135,2660.4657023165078
1917-04-01,9.64453119728123,12.294303251461317,0.09540489143548558,2509.357618886639
1917-05-01,9.138988813373576,11.651154264223978,0.10030784408299682,2400.4307265882717
1917-06-01,9.14822025953958,11.666161646433137,0.10044670647542252,2425.4117675468046
1917-07-01,9.0034723772288,11.48956269398032,0.10031754123277214,2409.6237717741474
1917-08-01,8.572680466753775,10.95085812828812,0.10721879004303467,2316.920911030675
1917-09-01,7.95082326421706,10.17231259769453,0.11842264421516832,2170.354034197313
1917-10-01,7.3871337111081425,9.471824730904865,0.12822085584760273,2037.0025715521983
1917-11-01,6.753013604774305,8.685566999658066,0.14498243667172836,1882.2646418329857
1917-12-01,6.412593898119819,8.276399642938665,0.15633999923668376,1806.7041519626218
1918-01-01,6.64064602865535,8.595793073444533,0.15411544909528269,1889.3216457463468
1918-02-01,6.784343551630281,8.80523116008341,0.15289235664348774,1947.6894516444527
1918-03-01,6.6863557604558945,8.701989918919608,0.154362917593181,1936.5204768520487
1918-04-01,6.5207277305471605,8.509743222676184,0.15854915404352546,1905.0931063469786
1918-05-01,6.582363231621082,8.611793024214059,0.15937049095408246,1938.9934192155117
1918-06-01,6.496291318641055,8.520437710799529,0.16288504851967153,1928.6795301288626
1918-07-01,6.371324093848989,8.376754187586178,0.16764209330860855,1905.731509762824
1918-08-01,6.303073760914591,8.306783093578103,0.17147949792457634,1898.6721158726498
1918-09-01,6.149170562431679,8.12345557165798,0.1775520575881171,1864.8487381803484
1918-10-01,6.290515321191322,8.327848122326692,0.17481795180631346,1919.4758936567068
1918-11-01,6.3333274953541565,8.401160261482255,0.17463797411724727,1943.676969177348
1918-12-01,6.134580411283432,8.154692711003738,0.17998283511502522,1893.3166043638817
1919-01-01,6.098467639950105,8.124580564550625,0.1821311332968038,1892.6515469490578
1919-02-01,6.239692771364981,8.329975195430459,0.17495652068251052,1946.5949809849933
1919-03-01,6.356074004869143,8.5005462473324,0.1729319074547065,1992.807632663076
1919-04-01,6.456139555819275,8.647742227531761,0.169814974654537,2033.2625407044297
1919-05-01,6.829002261482034,9.158022480539664,0.16114095836448947,2159.1379292731226
1919-06-01,7.0216152147841315,9.425904150649679,0.15565526932897694,2227.939890415884
1919-07-01,7.052837165446312,9.475418508096581,0.15772882117381556,2245.1086525384344
1919-08-01,6.4791311017052795,8.714460950481728,0.17064096355555283,2069.033738706903
1919-09-01,6.558481672061265,8.830183545823642,0.16792341432674898,2100.320984258521
1919-10-01,6.7947041999493045,9.154895912259956,0.1619225775045902,2181.215365797947
1919-11-01,6.467022574133135,8.720924139143511,0.17028557703903735,2080.9711444273885
1919-12-01,6.1607170337991795,8.316097713382984,0.17884105892950647,1986.8743060530883
1920-01-01,5.989667771139441,8.093561310184851,0.18634209615215622,1935.667161094037
1920-02-01,5.455347649907774,7.382545880838518,0.20369703325046368,1766.9516432303
1920-03-01,5.7988227275571615,7.856327311469359,0.1917938399849512,1881.538573562459
1920-04-01,5.599858725506188,7.5961153675815565,0.20002702354681723,1820.36843614793
1920-05-01,5.188950462047498,7.050218771960481,0.21766737891949156,1690.28897773883
1920-06-01,5.043639680451624,6.8644453350168195,0.22570609227300784,1646.0451632107706
1920-07-01,5.080592919540799,6.92649575893295,0.22364726750461525,1660.890363415415
1920-08-01,5.020701077922861,6.857875483818917,0.22431643473371787,1644.3677592334234
1920-09-01,5.297162770108062,7.24734527149325,0.21326971272005224,1737.7527926171038
1920-10-01,5.35117739342416,7.332765891083623,0.2139375630594733,1758.1968778488342
1920-11-01,5.126407930947929,7.037251050845026,0.22368938063015095,1686.9396587770266
1920-12-01,4.7842410450832515,6.582424980866891,0.2353400608539372,1577.2860234373284
1921-01-01,5.122184146887378,7.060922716237087,0.21920796290222014,1691.4068545562207
1921-02-01,5.27485719120505,7.285788401716895,0.21414317843259137,1744.549154590483
1921-03-01,5.19234815868418,7.186643149633993,0.21609205781717514,1719.661038287578
1921-04-01,5.2970859227396785,7.347111245169347,0.21520858180944366,1756.6327908551868
1921-05-01,5.6094692253307805,7.795301223200651,0.20295342319783566,1861.5202676164345
1921-06-01,5.216110960989324,7.266374103490855,0.21644775043780998,1732.8511019499917
1921-07-01,5.197779361905473,7.259080472195282,0.2172313713487321,1728.3397751553982
1921-08-01,5.161294823215734,7.227560202015144,0.215851578718591,1717.6799153629968
1921-09-01,5.377524425458262,7.5505875789303705,0.2064012363362297,1791.0122932778543
1921-10-01,5.479257678053352,7.714162098732502,0.20360686991963522,1825.9722571417237
1921-11-01,5.838196993200895,8.239946078763102,0.19353770826111427,1945.7452350812105
1921-12-01,6.114158849417273,8.649852794077947,0.18696752320380894,2036.9166967096123
1922-01-01,6.28708729034713,8.917096473183227,0.17951956182160134,2093.3094683791364
1922-02-01,6.461305872696984,9.185537869040068,0.17408010681528896,2150.3808268646376
1922-03-01,6.821387249036044,9.717409145828134,0.16243257308781892,2269.2977996848063
1922-04-01,7.273253390209864,10.378612240077574,0.1501186001936365,2418.744546576839
1922-05-01,7.5934672589193815,10.851308007115511,0.14427069252660296,2524.823631400724
1922-06-01,7.55798735175513,10.81561768953522,0.14587981797708544,2513.107226311672
1922-07-01,7.602095045774036,10.89205879253538,0.1456932746409171,2527.9387958469497
1922-08-01,8.02003068989578,11.501719558533333,0.13648243579404418,2666.957355784886
1922-09-01,8.265083002284305,11.861543308882686,0.131706424988638,2748.946913981085
1922-10-01,8.432151998761901,12.107471819097544,0.129892486619515,2805.41528456451
1922-11-01,7.998253772269839,11.491767155410159,0.13690598043210195,2662.8778159099675
1922-12-01,7.964679864940003,11.44971327639582,0.13904051336828616,2653.889349909518
1923-01-01,8.154200483069156,11.725953614115152,0.13441486988785212,2719.1398673858457
1923-02-01,8.533360579065969,12.27202008335083,0.12921581550482802,2848.3066491200084
1923-03-01,8.700737500978535,12.511853851855712,0.12721147552406908,2907.5184836450876
1923-04-01,8.372809668463818,12.04067197655177,0.13258943586124272,2802.3660262184785
1923-05-01,8.000497867598213,11.507770660192884,0.139481083596842,2683.2475062194103
1923-06-01,7.671825282673081,11.038669785687151,0.14462548934004033,2579.2661279733293
1923-07-01,7.345985119490651,10.574996358749752,0.1508203144791654,2476.9764372346604
1923-08-01,7.441783174217371,10.717769172275771,0.14870190194385627,2517.3062153630894
1923-09-01,7.4581838671897955,10.745088848507436,0.1482108552776507,2531.636810339116
1923-10-01,7.317400395621481,10.54650710277992,0.1516527076029616,2493.498174769355
1923-11-01,7.546327911916234,10.878671811855522,0.1467063621149534,2581.6944162499112
1923-12-01,7.809739144938743,11.258350617018154,0.14353740233689566,2682.8914263185543
1924-01-01,8.072249446037379,11.633992739691054,0.13962335892935632,2784.6556423400357
1924-02-01,8.162066220850356,11.760979709538795,0.13887619650281113,2827.6301057265387
1924-03-01,8.058077044116091,11.610015219838797,0.1400079261336405,2803.9510937078608
1924-04-01,7.9236203483279795,11.416959092815125,0.14273334858362083,2770.1064655647574
1924-05-01,7.899698330665291,11.383531722775844,0.1422100073914601,2774.948720298191
1924-06-01,8.051676946396643,11.603299337130572,0.1399872917927617,2842.1109974718784
1924-07-01,8.37771213997183,12.071823287457542,0.1348788781136477,2971.231315251612
1924-08-01,8.717418308548329,12.559042780803491,0.12768930742272613,3106.2964822906793
1924-09-01,8.581670375209052,12.362730876100704,0.13028797514421842,3073.3901948644316
1924-10-01,8.419491035872424,12.130082536261703,0.1343520172347442,3030.931579765264
1924-11-01,8.88832736125097,12.80395081495659,0.12721517587619613,3215.407310445701
1924-12-01,9.310639680416374,13.408391594348117,0.12392891919221902,3384.46304582349
1925-01-01,9.692618852254997,13.953065695481403,0.11986287085323862,3539.7563789185174
1925-02-01,9.830804722819574,14.143902484635973,0.11900102849113875,3606.27916705831
1925-03-01,9.518537538810032,13.685923349947986,0.12416250134532483,3507.0967705093817
1925-04-01,9.476566787903073,13.615545452014194,0.12310340370448425,3506.174260876686
1925-05-01,9.729007694021332,13.963817337114989,0.1200769852726628,3613.9387215773195
1925-06-01,9.796386180450613,14.043411328040795,0.12073372793126158,3652.748702619707
1925-07-01,9.963993891787801,14.263012384495775,0.12036790116256753,3727.9336187209183
1925-08-01,10.110918458488946,14.449940451105421,0.11905952231040798,3794.6362027561863
1925-09-01,10.359247611348506,14.777258376991192,0.11683864606599485,3898.848156250397
1925-10-01,10.71849599702293,15.25679610015138,0.11271163979524515,4044.2702243546196
1925-11-01,10.886317440307934,15.458345172036267,0.1121687068854568,4117.226670964934
1925-12-01,11.147365239137258,15.788866974247407,0.10957865215542231,4224.653466183729
1926-01-01,11.340966188506238,16.018850836070317,0.10717666605596017,4306.239119498371
1926-02-01,11.389435672748013,16.04127331519664,0.10708475333291058,4330.493628373015
1926-03-01,10.71235206273249,15.046869401753002,0.11131698916246477,4077.0605452773657
1926-04-01,10.395587685954734,14.562366728257421,0.11403621939591527,3959.020019696024
1926-05-01,10.575158463806103,14.77186004190033,0.11110746549615286,4027.4294285888486
1926-06-01,11.197979740229961,15.591949753085165,0.10456095641367759,4261.714248790674
1926-07-01,11.86969405848128,16.46912474336036,0.09859739029953635,4511.302546734403
1926-08-01,12.488808219521879,17.260693795594307,0.093136770867251,4736.767006537019
1926-09-01,12.692614823344721,17.470213778374873,0.09083041184019533,4801.46173317737
1926-10-01,12.426517521583351,17.033811722274997,0.09152901878758923,4686.815344313319
1926-11-01,12.615251212344486,17.21908527437662,0.08936747716515259,4741.543056097654
1926-12-01,13.009052728993131,17.67784190354479,0.08634766050322906,4870.057206405077
1927-01-01,13.185930628677792,17.836264453737662,0.0835210825431001,4914.051878755978
1927-02-01,13.633966132216212,18.358019636037515,0.07780984486131418,5059.80519150303
1927-03-01,14.033257507604494,18.81193476318771,0.07513322496269458,5189.331048636204
1927-04-01,14.488222209157056,19.335123464058167,0.06785537727855778,5338.884426676299
1927-05-01,15.002347055737115,19.936096682958436,0.0644682565036949,5513.758565384583
1927-06-01,15.120333481747524,20.010588031136464,0.06353629006855144,5544.117057485658
1927-07-01,15.820802594477746,20.85472867508047,0.06044243496922629,5788.515029067228
1927-08-01,16.862861852763807,22.13560838055454,0.05435182187608263,6155.716617477216
1927-09-01,17.818723713516423,23.29216969151669,0.04943039914607561,6491.427687121651
1927-10-01,17.53723785226109,22.83510697728875,0.04939933865737846,6379.0860816241475
1927-11-01,18.131301434952423,23.520186815644784,0.04694837409275167,6586.593288152673
1927-12-01,18.646624021402527,24.09919692491303,0.0439260426899995,6765.8006182377185
1928-01-01,18.806128571700768,24.22041735776547,0.04126463782849274,6818.006946318593
1928-02-01,18.86885051958403,24.22142177312676,0.03895002692749828,6840.8029504852175
1928-03-01,19.94341779906454,25.513762948699394,0.0365953529425906,7234.122789102897
1928-04-01,21.2579092494875,27.098639189464794,0.0318237153032271,7716.2886343800565
1928-05-01,21.83273217874003,27.733593696413863,0.028825490853708967,7935.158139080783
1928-06-01,20.913421576866707,26.482054104053216,0.02862921297339497,7617.403780265838
1928-07-01,21.081905435296797,26.6138453912273,0.025300092823006874,7700.729980836245
1928-08-01,21.76213150257924,27.390718137541462,0.021602490360549086,7977.493385719005
1928-09-01,23.004649446159235,28.866481380788997,0.018121294561627838,8466.962683115247
1928-10-01,23.578344239585036,29.50023018200319,0.014345079847843743,8717.216732928326
1928-11-01,25.121984571109586,31.338079943327795,0.009644668141462517,9334.797234594154
1928-12-01,25.30159102742615,31.47282543143591,0.007326400993958586,9454.873524701678
1929-01-01,27.08319962083277,33.59093769910638,0.004501453984911363,10182.538016991532
1929-02-01,27.131672798247383,33.555039532540235,0.006536990647710135,10265.481055947317
1929-03-01,27.675748437861873,34.129290955610166,0.004249048378068401,10537.97553578141
1929-04-01,27.5684544728983,33.902563138115276,0.0022395419813419984,10568.719787882234
1929-05-01,27.69858687500812,33.970071523184764,0.0017264044494609485,10695.65213892736
1929-06-01,27.935467830288683,34.16978639311386,0.0022656304519137957,10867.57698872782
1929-07-01,29.933289406842203,36.51095196842041,-0.001618582994118059,11730.554775270686
1929-08-01,31.480313247173,38.29169555843722,-0.00470898532082388,12429.733733522862
1929-09-01,32.56378859877672,39.50068869797186,-0.0060695163108649836,12957.618881563396
1929-10-01,28.961067164354798,35.04745819008637,-0.0036562270419569984,11620.113865487217
1929-11-01,21.171036000097043,25.58877076396273,0.00713369227228506,8577.047247622933
1929-12-01,22.007373176418344,26.56602442834515,0.002900008048493663,9004.533408583706
1930-01-01,22.310724294336854,26.898469896328525,-0.0001082263549704171,9222.633375180178
1930-02-01,23.69711774933589,28.533590991681262,-0.004368862214401088,9892.626128974582
1930-03-01,24.586607792668858,29.568429499384276,-0.007524372205196819,10361.390815774259
1930-04-01,25.84343686201831,31.040920119317015,-0.011914769695241932,10989.335470376558
1930-05-01,24.309760633908173,29.174802108988995,-0.011533983314308077,10429.647886630635
1930-06-01,21.866899333389483,26.235846681571918,-0.008977438069471898,9466.769579820711
1930-07-01,21.54879759254664,25.853225798800075,-0.009046264539737343,9412.235059444816
1930-08-01,21.300602241118142,25.558473871970435,-0.006757379401212918,9384.474306544398
1930-09-01,21.072581788447312,25.290051551861236,-0.00423874082229149,9360.002855527502
1930-10-01,18.214870154658627,21.881118207635744,0.0030636907081037917,8157.627677265161
1930-11-01,16.939711377775165,20.37793838549782,0.007052520682752993,7649.341476484562
1930-12-01,16.05500185653132,19.349603578733866,0.010454922060588373,7309.767149292642
1931-01-01,16.70547873154761,20.167540874417732,0.00880630995435805,7664.452479184463
1931-02-01,18.161492436976086,21.95500716746245,0.005634474734884681,8393.276653077513
1931-03-01,18.579561032791283,22.48922591637858,0.004019637285697042,8647.616000076361
1931-04-01,16.872315331609663,20.459812584802663,0.00963111435178711,7912.615901758626
1931-05-01,15.40153999911011,18.720726910122234,0.01592970353870063,7281.214833849523
1931-06-01,15.062476074643248,18.3556045840137,0.016369824995931745,7179.441430832751
1931-07-01,15.516750095516324,18.955242288187456,0.013585027838757292,7455.796438132176
1931-08-01,15.006276602886544,18.380525991208906,0.015493991974094165,7269.9348273427995
1931-09-01,12.817745261106886,15.756886512834589,0.027053310824360383,6266.271218953072
1931-10-01,11.145926407660932,13.764337388796358,0.037813566467066705,5503.419611812729
1931-11-01,11.41560029564468,14.160676478302927,0.03464519086289502,5692.279252128581
1931-12-01,9.30603286796832,11.613199088567852,0.05411516489418412,4693.314150604848
1932-01-01,9.312406455177847,11.690735613244433,0.054016982118525625,4749.82359679487
1932-02-01,9.336932251008404,11.788158853263367,0.05265908011265319,4813.651795014864
1932-03-01,9.413065028012213,11.947423933156465,0.05257143929266867,4902.032982068795
1932-04-01,7.192233196115489,9.194748213584603,0.08497925765276122,3789.312539678231
1932-05-01,6.3908572898814455,8.236318664933409,0.10130033260620128,3408.2684167275447
1932-06-01,5.5650593715289665,7.237633926294593,0.12410976098602763,3006.4997199841528
1932-07-01,5.838763671851201,7.654884014145598,0.11540991841757042,3191.033882566618
1932-08-01,8.834653205181214,11.631377927995507,0.05808985339692295,4864.0723215787075
1932-09-01,9.761168564063711,12.893505025072658,0.046926287026324946,5406.89492546304
1932-10-01,8.478606607689086,11.242814157261986,0.06141159533027661,4726.1163510146425
1932-11-01,8.463309567122897,11.26291107699321,0.06061268616557149,4744.45877378624
1932-12-01,8.257073999100681,11.026422344303814,0.06255143145346911,4652.965285874235
1933-01-01,8.728046162813532,11.691967993175687,0.05540385057403726,4940.7477881182485
1933-02-01,7.826051751316598,10.52307952563706,0.06724674762850746,4452.876173766145
1933-03-01,7.874681322943169,10.626790503904555,0.06584759037932625,4502.877967965001
1933-04-01,8.723101646068113,11.805335595835254,0.053078308378454654,5008.819312680169
1933-05-01,11.249651251932443,15.246808142532826,0.027490163162586824,6476.994639758108
1933-06-01,13.098875517269517,17.765664123579906,0.015294045467209853,7555.554626530316
1933-07-01,13.754304493874534,18.661295964763003,0.013692183456504525,7944.361017353456
1933-08-01,12.999527050367737,17.646361139482362,0.019380219800860896,7517.933182313978
1933-09-01,12.922920614885992,17.550453640523468,0.019426539845217056,7481.235992069162
1933-10-01,11.696253568143693,15.896625559601661,0.02713604235410374,6779.428173342448
1933-11-01,12.011766193389935,16.334983881493493,0.02504861695483329,6969.027364403201
1933-12-01,12.28180162260111,16.709206885291167,0.023376525873983575,7130.54538102877
1934-01-01,13.025119828332377,17.723577324689625,0.018888305469469735,7564.48114507252
1934-02-01,13.926922904274294,18.949402441246832,0.015491638140697567,8089.415082359168
1934-03-01,13.254537629740083,18.03649356197153,0.019977583686114603,7701.291092376276
1934-04-01,13.51838928449009,18.396276947912696,0.019352156359813792,7856.852631022948
1934-05-01,12.181583235024016,16.583942576102267,0.027744981955740072,7084.849707438354
1934-06-01,12.28772648395242,16.734478982141667,0.028042045242693492,7151.7459182595285
1934-07-01,11.74152422931824,15.999498232451336,0.03153029135162578,6840.314004706346
1934-08-01,11.315025981829045,15.429440235825345,0.03558808145589273,6599.9459484322015
1934-09-01,10.90995408328884,14.889060036884633,0.0400187816418115,6372.323984209968
1934-10-01,11.108352605351723,15.171974636031148,0.03736637727212232,6497.137831546335
1934-11-01,11.448808690205697,15.647600135571397,0.034964360171844906,6705.7963772499625
1934-12-01,11.639337566475879,15.918287827037338,0.03251888039989984,6827.436847306949
1935-01-01,11.495907968201593,15.731975583272806,0.035311025162538597,6754.275669999104
1935-02-01,11.087812159055561,15.179973139310736,0.039911290060126565,6529.385155660088
1935-03-01,10.398272404790028,14.241120748640995,0.04544215282497629,6142.20279537178
1935-04-01,11.104210207149517,15.203114450417099,0.04072261218661092,6581.465442544284
1935-05-01,11.985576683480092,16.397052898465684,0.033650043199486175,7125.269520618737
1935-06-01,12.539519324443887,17.136505102037546,0.028247919232257224,7476.638791307982
1935-07-01,13.202137936511006,18.016989509797167,0.02325375540417303,7895.291161045254
1935-08-01,14.105056846668946,19.219226540421463,0.018521673753049472,8456.239860124213
1935-09-01,14.418891702707423,19.615521489913746,0.017095239052496866,8662.005884278511
1935-10-01,14.826232627114083,20.137764924492995,0.01530646538243638,8921.269195629655
1935-11-01,16.12960516325113,21.86806017074907,0.009044033083028355,9717.270039798845
1935-12-01,16.159192714615315,21.869913075541856,0.009589829641508868,9746.456625424518
1936-01-01,17.087359845997238,23.08229070469261,0.00634500835520254,10314.501643470736
1936-02-01,18.104536459517778,24.4068164253285,0.0030319918323534825,10937.294650892023
1936-03-01,18.66047820392602,25.104585822781516,0.0011986641291621969,11283.407750236478
1936-04-01,18.71899966515149,25.132351826424635,0.0004605313200986144,11331.286744696707
1936-05-01,17.750192519328632,23.78763740930131,0.0038968865356358226,10763.537813321731
1936-06-01,18.393001065831335,24.600188642602625,0.0031610941699746903,11175.326731517469
1936-07-01,19.360464512319126,25.83897713061024,0.0022336429359787677,11787.889696792676
1936-08-01,19.62306016298374,26.133390803641127,0.002778801820281819,11973.843151708606
1936-09-01,19.862024243287625,26.395710211981672,0.001580104129227114,12148.005856656271
1936-10-01,20.913091852533103,27.73333727400839,-0.001532363677737042,12824.577058828658
1936-11-01,21.499765341024144,28.451474941810417,-0.00341576390750728,13224.685956239031
1936-12-01,21.12566354815542,27.902761077390377,-0.0026171082025578316,13041.856196475355
1937-01-01,21.618741582953493,28.495637926638686,-0.001914781796558622,13397.831687652342
1937-02-01,22.244221552805147,29.256928436697724,-0.002554466582997468,13840.87160228098
1937-03-01,22.042197016050565,28.928361986280812,-0.0007852409874235175,13775.65327234085
1937-04-01,20.55657945743285,26.92894686820968,0.0032817335242659312,12911.795995462178
1937-05-01,19.47417468657209,25.472602466914203,0.006203796510338248,12300.12454083441
1937-06-01,18.71165996036495,24.44656349720487,0.007275546932276562,11891.38194070822
1937-07-01,19.646723279607624,25.62875608945359,0.00719823778265994,12562.979192022904
1937-08-01,19.80698257738096,25.79355196445112,0.0074561422622180865,12741.992989664583
1937-09-01,16.84788286270581,21.913400533669705,0.016529295513579914,10911.608369484928
1937-10-01,14.361659574753356,18.67277487158368,0.0263379831975706,9373.960008440603
1937-11-01,13.158119166486062,17.1137180434607,0.03269786862229945,8659.1029904245
1937-12-01,13.008483033706133,16.92880600119708,0.032992381382444036,8631.005289335368
1938-01-01,13.511461918562414,17.591202047422147,0.028858466812653638,9035.40783099461
1938-02-01,13.263076236460863,17.278131157697956,0.030858458141780926,8935.002471733304
1938-03-01,12.377286234697683,16.140609995378348,0.036420989784192115,8396.798065600819
1938-04-01,11.789517720684186,15.393610143198442,0.04130907317683162,8049.6797334017065
1938-05-01,11.992275930545695,15.67782127031591,0.038776390744273165,8232.00060381575
1938-06-01,12.288966307788126,16.08360605259888,0.037501644440433184,8472.581783786985
1938-07-01,14.770328017492059,19.332142114203577,0.023997805336053404,10206.46902207155
1938-08-01,14.90358851260436,19.50514046526233,0.023559102649396854,10312.554802589788
1938-09-01,14.282330508639966,18.692886470097665,0.02550449467270413,9889.497111663075
1938-10-01,16.06114764333343,21.00776068533959,0.017787274932387694,11113.675575556796
1938-11-01,16.149571800715513,21.100739467650833,0.01761303662031906,11161.897240892295
1938-12-01,15.756484438994008,20.558601794186654,0.019895869007101573,10873.669213440024
1939-01-01,15.599634410919286,20.32496652435121,0.02070066816154087,10747.519012702563
1939-02-01,15.664696928954768,20.378795316805153,0.01985701408343514,10775.526160643782
1939-03-01,15.729223743214224,20.428999210181154,0.020294782447704884,10804.492628817556
1939-04-01,13.916994579812402,18.05203776064044,0.028569036467798195,9550.862231692245
1939-05-01,14.502929499657768,18.782552949801346,0.025213062237963713,9942.323163295056
1939-06-01,14.833828921489786,19.17798664484766,0.023225714827656528,10158.492700757615
1939-07-01,15.270952598570252,19.70650314970286,0.02028356036729085,10447.338731181606
1939-08-01,15.120082343333983,19.476322694888793,0.02106196670056716,10336.560658953731
1939-09-01,16.45283557706096,21.145000339724785,0.017934373511527442,11235.833940221164
1939-10-01,16.82120480626564,21.569692820967983,0.016031261671560354,11474.119343422579
1939-11-01,16.599238509946648,21.237270183870656,0.016951215255656592,11314.015352584123
1939-12-01,16.28041290128385,20.784015129907605,0.01882372711164202,11092.259461037816
1940-01-01,16.378480342613674,20.860773184593874,0.01844992615842951,11155.752850955123
1940-02-01,16.216119847731058,20.60653362319491,0.020555367211535183,11051.05522129265
1940-03-01,16.1729063053079,20.50575465708981,0.021515605176069624,11035.229242047757
1940-04-01,16.37098870712878,20.710720299995632,0.020405333024727502,11192.40685799011
1940-05-01,14.13874769480073,17.86179828935765,0.030844754648737385,9699.731182909507
1940-06-01,12.843765598268808,16.212647751148236,0.03947430057129109,8851.876530203263
1940-07-01,13.369884763210058,16.862230313337157,0.03710469109993483,9260.573497077232
1940-08-01,13.649399392391638,17.199450235230614,0.03638389967306203,9506.48181549708
1940-09-01,14.214842598620642,17.894527295628052,0.03309206681458913,9959.282379094697
1940-10-01,14.328290323104959,18.021167440415653,0.033345933452265025,10105.283147744012
1940-11-01,14.636689248763608,18.393381330164434,0.03269024417405583,10393.310401178467
1940-12-01,13.90842612235384,17.47011511194823,0.03900533222390959,9949.13978761288
1941-01-01,13.904158267950837,17.459724031152355,0.040478384387534705,10021.052399908227
1941-02-01,13.00294330340245,16.330448496085065,0.0462896330682669,9447.70469419745
1941-03-01,12.95571982206333,16.274201363786208,0.047477159338851195,9491.83587150981
1941-04-01,12.429370389220784,15.620596350743046,0.05165392853546108,9185.744308857427
1941-05-01,12.037206512481575,15.138524744744718,0.055831630874339885,8977.386817039704
1941-06-01,12.16430659062844,15.307415379169969,0.05790160303011871,9155.547349236676
1941-07-01,12.744996277919574,16.04505946093431,0.053731040578336386,9678.781017318202
1941-08-01,12.463173720387799,15.698062133844472,0.05642892003608935,9556.361732744628
1941-09-01,12.279729272093073,15.475689806719123,0.059199695162733657,9511.37061320193
1941-10-01,11.57781495657407,14.60383368903616,0.06569975715858951,9064.919688504222
1941-11-01,10.911668685916954,13.782187279853897,0.07255785021929943,8638.566328596444
1941-12-01,10.086593309917898,12.76472991911298,0.08096627743906748,8078.275385956423
1942-01-01,10.101686431929245,12.807799723300173,0.08377724425041963,8183.501824016335
1942-02-01,9.680255591749356,12.30024346466458,0.0901432771846804,7929.603692379194
1942-03-01,9.003426617760963,11.470465379020204,0.0998948472016023,7457.0646284131735
1942-04-01,8.544255707588254,10.918206150831153,0.10721421232122598,7154.058975215338
1942-05-01,8.506116259696046,10.901248386825085,0.11045791687741963,7197.720314180898
1942-06-01,8.90545692851805,11.44269724398724,0.10592353761816538,7610.704266633899
1942-07-01,9.150488900994738,11.784997227682226,0.10353127198083717,7894.737393413271
1942-08-01,9.01282304756429,11.634971805540609,0.10656446054631469,7849.413266333596
1942-09-01,9.077829839371498,11.74514580920027,0.10652043750087259,7978.866143252175
1942-10-01,9.59917674935298,12.442152869609718,0.10252615661656961,8510.73642682588
1942-11-01,9.66133415217165,12.543111801092829,0.10323139333544558,8641.624004205534
1942-12-01,9.617514103283169,12.504872502621097,0.10508258054935482,8680.446868429673
1943-01-01,10.150534220432073,13.213565770538386,0.10119365235814606,9245.01024581441
1943-02-01,10.708982995221259,13.95260180059095,0.09765444905290493,9839.81227600019
1943-03-01,10.850541744036795,14.14645987221862,0.09905521660068001,10056.332064567752
1943-04-01,11.039227142939685,14.40021050260752,0.09866495426069267,10317.14924096815
1943-05-01,11.362215800613686,14.82734448918783,0.09667360744853065,10705.794500712213
1943-06-01,11.516744786451225,15.03377562080252,0.09466776785756383,10939.149006579994
1943-07-01,11.774213341781648,15.373683748422982,0.08897387762529996,11274.289808457552
1943-08-01,11.210545904158959,14.645291104906274,0.09186150004782792,10825.026187518813
1943-09-01,11.33628193961028,14.81644761883288,0.0914561326053924,11037.842696404223
1943-10-01,11.187335503326027,14.629987013874128,0.09262224462976598,10982.863146698191
1943-11-01,10.63103367300141,13.915069560218233,0.09729135245136998,10521.135059355387
1943-12-01,10.737360316041066,14.068001177874818,0.0963515486684957,10707.630613143609
1944-01-01,11.052412763977463,14.494846472285818,0.09368843717874295,11100.40952668316
1944-02-01,10.947918887724716,14.37248410954768,0.09386811511962,11073.608282632353
1944-03-01,11.224693196180674,14.749564229990954,0.09170751556267565,11432.69300321049
1944-04-01,10.938275188239393,14.387983948343395,0.09472082308911106,11218.877771723599
1944-05-01,11.103736936792613,14.620020758909005,0.09345016828904627,11466.299081376781
1944-06-01,11.532785272532497,15.197274767915017,0.09000715082036131,11987.696403546588
1944-07-01,11.73877475018071,15.480309849362943,0.08915965960239099,12280.087618617028
1944-08-01,11.541711674209214,15.233407930416258,0.09070582138511667,12150.726892805713
1944-09-01,11.328560584696463,14.966305729668367,0.09090550278436424,12002.123155110716
1944-10-01,11.583105186279118,15.315966613277212,0.0898153323390613,12348.216124398301
1944-11-01,11.478459198055472,15.190706986565058,0.09069407014654812,12313.14502257326
1944-12-01,11.638683593355122,15.414205958668171,0.09093004126625827,12562.326006088495
1945-01-01,11.960463439806983,15.85019737483652,0.08718708882936281,12987.729597595931
1945-02-01,12.34175354818631,16.360841623342527,0.08400173904196745,13472.857321605734
1945-03-01,12.323310311389323,16.339009379818226,0.0842730033207119,13515.543921201926
1945-04-01,12.631867236563066,16.745879992645957,0.08169453955308417,13907.685510205449
1945-05-01,13.03656062878535,17.276370053124346,0.07996185719630165,14405.431410221667
1945-06-01,13.130223361406047,17.391992046675032,0.08145325936582434,14557.872182026718
1945-07-01,12.867028443009149,17.03532585651166,0.08316111469724179,14311.328410153294
1945-08-01,12.915378562256734,17.092121054476213,0.08302016885970828,14412.729933265624
1945-09-01,13.798264951719776,18.24964078549466,0.07821597266288072,15447.764146274918
1945-10-01,14.374662675391335,18.998880544708705,0.07545994251796664,16145.059055655382
1945-11-01,14.847702661876777,19.608975958272836,0.07264603473680933,16727.25967008659
1945-12-01,15.020347474739962,19.821351248851286,0.07258817469802943,16972.15894565032
1946-01-01,15.623163177761668,20.59948238219248,0.07016934325454081,17702.31981484538
1946-02-01,15.761666525801905,20.765541749059167,0.06899061579392486,17904.93901870162
1946-03-01,15.134873415142536,19.92659150042949,0.07344623369946214,17235.572395090967
1946-04-01,16.040842386215914,21.101916955508454,0.07022564907240904,18302.295688461338
1946-05-01,16.013723170832183,21.04830712170751,0.07083960614331,18297.66546196116
1946-06-01,15.773186880128744,20.714507926611372,0.07210057268285235,18040.66059042542
1946-07-01,14.508136111909073,19.03897404049835,0.08273944558974862,16604.595907676394
1946-08-01,13.984939309942767,18.34064102174362,0.0865983814771122,16011.792595102152
1946-09-01,11.841267540149637,15.527660854694698,0.10051583018992163,13568.406703093657
1946-10-01,11.387602961765054,14.931866479299584,0.10584847069030605,13058.8364077979
1946-11-01,11.110043656743299,14.565527161951843,0.11046659850288852,12751.090147507877
1946-12-01,11.372779425862712,14.90416617396297,0.1093123006183976,13061.727269319783
1947-01-01,11.469296334735585,15.022197025934318,0.10777967416384962,13182.109618277442
1947-02-01,11.949565314209446,15.63722858443899,0.10411708620482764,13745.20691748414
1947-03-01,11.28790309650129,14.757502576039021,0.11005042001644603,12998.79792962353
1947-04-01,10.900825126392682,14.239032702754521,0.11230527663572891,12571.030369130205
1947-05-01,10.733674273688544,14.008519289638555,0.11284855290399023,12400.737896418683
1947-06-01,11.0827158550521,14.448343003675747,0.11023126451262732,12829.307838363187
1947-07-01,11.696446553354374,15.226610589448981,0.1055605736406072,13565.45120223388
1947-08-01,11.337472355329835,14.739100764648123,0.10951092237802156,13176.63801622185
1947-09-01,10.82746301722884,14.058032932818925,0.11508689211783989,12611.56894892374
1947-10-01,11.13266204275479,14.435005794121876,0.11239659547338414,12994.456726537086
1947-11-01,10.975407324839075,14.214670910685832,0.11469919212401679,12844.923894293319
1947-12-01,10.680912531969192,13.820049087776729,0.11913197089243799,12539.076966647222
1948-01-01,10.419342657320325,13.470659208036261,0.12413325641961878,12273.501017770659
1948-02-01,9.999761169144183,12.922123925363065,0.1281205008478586,11827.54675678596
1948-03-01,10.186680609489672,13.157348384869652,0.12594515689644098,12106.246665525518
1948-04-01,10.77948448202462,13.912519101434713,0.1216950031054999,12877.33781582207
1948-05-01,11.24103269798444,14.49663487965129,0.1191806716850387,13506.95914144986
1948-06-01,11.583895756523843,14.925847493337075,0.11753481139368555,14009.318030371662
1948-07-01,11.134621739180933,14.338438705434065,0.12243242819353195,13566.738468832791
1948-08-01,10.723556662478131,13.804163636491657,0.12641558155058846,13175.591338569338
1948-09-01,10.55301368939916,13.581595172569694,0.12803093301492222,13086.734621574595
1948-10-01,10.825409809169491,13.929311962219316,0.12607485528211443,13560.7327345877
1948-11-01,10.248096205635571,13.187035340998516,0.13051732404994573,12976.778343667585
1948-12-01,10.159652938900916,13.073862008778558,0.13103783423521193,13011.44868193912
1949-01-01,10.248285758038978,13.18739944260072,0.12985598440762083,13279.744599992719
1949-02-01,9.872517140570057,12.70598184542879,0.13343503412765612,12946.94693795657
1949-03-01,9.90133249124092,12.744166953113295,0.13313191783925862,13141.253408589411
1949-04-01,9.783639867544057,12.593798560825586,0.13554358543720774,13141.368114149594
1949-05-01,9.69229508639581,12.478488236972915,0.1360556744549116,13173.44265683747
1949-06-01,9.067718943419532,11.68072487416851,0.14359678892669803,12474.833484398929
1949-07-01,9.605038093363921,12.375822887753243,0.1365317543033211,13368.551973638248
1949-08-01,9.851348638079228,12.693529992002606,0.13436488137167563,13868.066039317535
1949-09-01,9.884048361738284,12.735568365609861,0.13219399240647295,14068.960103924719
1949-10-01,10.169850844772139,13.104711241762125,0.1292068454266488,14635.979883259512
1949-11-01,10.21586101165064,13.165319750818009,0.12919955980889694,14860.858108016888
1949-12-01,10.529330904131143,13.570829980109979,0.12538752170992382,15475.19415280353
1950-01-01,10.745733299747902,13.849682296613803,0.12377451331835174,15950.5566776599
1950-02-01,10.911564066731675,14.060924925588566,0.12139665169662332,16353.730306163156
1950-03-01,10.910946522976248,14.056777000220663,0.1216408023349306,16509.161931977786
1950-04-01,11.178021600956088,14.394940886127353,0.11924266123305872,17068.982696818148
1950-05-01,11.46154310458622,14.750478376961706,0.11726693985923534,17663.088860909826
1950-06-01,11.554126144044277,14.85817385260438,0.11605312575784091,17970.41160317159
1950-07-01,10.53974565893098,13.550950714985747,0.126246558310633,16556.91744871985
1950-08-01,11.040611670261528,14.18905913496452,0.12260690914540678,17513.991840892184
1950-09-01,11.337391102277289,14.563472220744726,0.12046164663752629,18162.268378365858
1950-10-01,11.66244403910525,14.972212563986423,0.11865823581629907,18868.812108402926
1950-11-01,11.542173388716284,14.812579571593139,0.11977266934561023,18866.767806715954
1950-12-01,11.30666578889075,14.50856051139603,0.12189353128627997,18680.316950080447
1951-01-01,11.895759839437055,15.257997535425218,0.1189875915633437,19860.65042416132
1951-02-01,12.141507370682683,15.565638866147731,0.11844055145727528,20475.858443382684
1951-03-01,11.841626487283088,15.177316546374957,0.12009663680155505,20170.89705861487
1951-04-01,11.951097197083946,15.314143757332683,0.11848676067127087,20560.492386673377
1951-05-01,11.86387540626917,15.200667239383648,0.11868144406708804,20610.88032906396
1951-06-01,11.61566485702517,14.884429187428127,0.11820658882878615,20375.91817300988
1951-07-01,11.7781900924578,15.09356270058326,0.11692697213559164,20857.082164616895
1951-08-01,12.256989084145134,15.703908734990362,0.11208956621321103,21891.640518211127
1951-09-01,12.444953157150032,15.939525555027892,0.11016963472607766,22404.045178502405
1951-10-01,12.309457904118686,15.760621840301775,0.10997701425032115,22321.965774802684
1951-11-01,11.852030617771039,15.171743623530059,0.1131357503596432,21650.775106700097
1951-12-01,12.147072568106779,15.543321334370377,0.11071067066355053,22345.503749365176
1952-01-01,12.527059748172297,16.022450086521854,0.10676999643852499,23202.45763626589
1952-02-01,12.364119350461088,15.811036351158723,0.10623068016404313,23067.752897016268
1952-03-01,12.362339087390364,15.807510372330905,0.10479452379456074,23240.963392453512
1952-04-01,12.24272868326688,15.656398613772165,0.10520389396216313,23200.739283306542
1952-05-01,12.200478761945835,15.606497043627144,0.1040653796912547,23308.240602647897
1952-06-01,12.447881581789366,15.927302555632712,0.10270816211925103,23974.560985753116
1952-07-01,12.669112889622474,16.214043524370478,0.10132758807191541,24596.112833488027
1952-08-01,12.67837823632862,16.230371537881858,0.10050683182892764,24812.685464431484
1952-09-01,12.434678020425505,15.924746204626693,0.10192764735731111,24537.59115576771
1952-10-01,12.131183558686867,15.543695751343815,0.1025510984460209,24141.22934608842
1952-11-01,12.473469765515306,15.986440360881492,0.09953855242085682,25025.48977176521
1952-12-01,12.933964306161368,16.576519452417227,0.0959377827396683,26152.786604272806
1953-01-01,13.010773447995179,16.67380117694197,0.09496362744553179,26510.69289421793
1953-02-01,12.859346880687895,16.479048621864898,0.09576630755228767,26404.90156095526
1953-03-01,12.834819340092489,16.44606382745108,0.09476102638442573,26557.400082020515
1953-04-01,12.163901454006798,15.589068380196125,0.09726819747629628,25369.804548475837
1953-05-01,12.141970791867779,15.563203387107285,0.09501029523636667,25528.51209988364
1953-06-01,11.624407885470077,14.904522212477067,0.09846726592393618,24643.159991004624
1953-07-01,11.75020164531,15.069129207230203,0.09994449232654262,25114.758390275765
1953-08-01,11.715076201734002,15.02701904673405,0.10099082396456592,25246.30253360835
1953-09-01,11.139349357262919,14.29474795419706,0.10560037156783565,24209.468597384577
1953-10-01,11.39193476542141,14.62379889887967,0.10609757559259156,24968.885951325065
1953-11-01,11.644070268505772,14.95306851337474,0.1036091437660994,25741.311160766054
1953-12-01,11.75444918402729,15.101395257015946,0.10370269083937067,26214.986308316198
1954-01-01,12.002650554927822,15.427061391002429,0.10304345229837097,27008.287021823402
1954-02-01,12.215052485432837,15.70575536544459,0.10169472728013385,27731.701938798724
1954-03-01,12.420105295189972,15.974058403613126,0.10134313684560128,28448.44173717851
1954-04-01,12.907868184060918,16.603059291869442,0.09811350560272981,29824.819744994922
1954-05-01,13.312042238025859,17.121370897689314,0.09535006165318287,31027.457222878358
1954-06-01,13.357885903658998,17.1780435037373,0.09439758919551677,31406.345710256002
1954-07-01,13.833009564245328,17.78428965510123,0.09203533309436351,32806.822734248155
1954-08-01,14.042112347320575,18.04787730127251,0.09035884137731522,33592.90618263374
1954-09-01,14.356474143296976,18.445764153358304,0.08821118277091215,34642.67940213193
1954-10-01,14.619231935730562,18.776965474104674,0.08645924352171837,35583.863355481844
1954-11-01,15.11731169743439,19.407607457588668,0.08370552449297154,37116.898864002265
1954-12-01,15.789062002327086,20.25752919244244,0.07961472867057669,39103.48293913453
1955-01-01,15.990781062969836,20.501927865048465,0.0778157762263657,39952.07343331365
1955-02-01,16.437728215987118,21.056961301473855,0.0757154012596608,41432.818664713195
1955-03-01,16.219282945537792,20.759297152464562,0.07623475077402161,41252.62700974298
1955-04-01,16.685266628063506,21.334047746091027,0.07381285877512957,42823.9310959769
1955-05-01,16.5180578272578,21.097803794241564,0.07373630484653115,42790.538220857416
1955-06-01,17.37009196340531,22.1571216723705,0.06941090871914066,45420.373382347614
1955-07-01,18.454031906632874,23.503510201463047,0.06521811352416779,48711.50998853724
1955-08-01,18.222326463047757,23.173696654482576,0.0652071483085897,48567.29337681257
1955-09-01,18.843960654261316,23.925531307723002,0.06378423418526824,50718.8432770741
1955-10-01,17.7723257893861,22.53236630332374,0.06788408978308569,48323.08807992144
1955-11-01,18.8355592882739,23.841583744997784,0.06460790423634752,51738.30693375129
1955-12-01,18.942369035813577,23.93776574538753,0.0626482580860027,52574.485061850086
1956-01-01,18.292585385418896,23.082459084217493,0.06512350904143849,51322.021849646364
1956-02-01,18.266116815127788,23.017216418742983,0.06637558693981145,51812.18687523944
1956-03-01,19.371210099299965,24.37358663539871,0.060910141321596036,55548.73610127469
1956-04-01,19.370593634578505,24.338669114170223,0.05853257027214732,56165.097970095056
1956-05-01,18.544506591754434,23.274196470664403,0.06175470056837125,54371.0142094612
1956-06-01,18.1581638469587,22.76741655855811,0.06325181869849279,53832.06646187191
1956-07-01,18.856797596896786,23.620311675201688,0.05495081588539033,56512.558344297424
1956-08-01,18.670937110186426,23.368947299227276,0.050837793863342425,56559.3615158999
1956-09-01,17.836640796312018,22.311473210449854,0.052204639380191584,54613.58046376879
1956-10-01,17.418952948636132,21.777269004413107,0.05232554325580102,53892.857148589566
1956-11-01,17.120339736628253,21.392087415372295,0.04938709346270052,53505.65083946223
1956-12-01,17.197522725560926,21.47449879556118,0.047538713978886975,54272.93984192856
1957-01-01,16.717780078533007,20.86318638875534,0.05050735850161371,53261.71775527751
1957-02-01,15.843733142229743,19.76263243790889,0.05537812004104427,50948.58034547486
1957-03-01,15.90041710886917,19.821836742269966,0.05293317537541741,51587.65484939292
1957-04-01,16.123704360211757,20.086831188745045,0.05173003200934926,52761.85736796033
1957-05-01,16.598110789114266,20.661106693401816,0.04912398212751333,54760.577665197496
1957-06-01,16.72991887247287,20.806763725120575,0.04654777995475148,55632.01363690148
1957-07-01,16.8688823839798,20.959760285685995,0.04455478603235058,56522.53348377694
1957-08-01,15.868942729452248,19.702677805273012,0.046915841253376125,53581.44309137744
1957-09-01,15.157274488962216,18.80796192766679,0.04772818123155334,51578.76262679279
1957-10-01,14.149451489483535,17.55146765338263,0.05192737707581739,48538.336476043354
1957-11-01,13.736242235298484,17.035278552833876,0.05647057113726219,47497.57940506275
1957-12-01,13.673246057951385,16.95457761303822,0.06058955909049748,47649.62659233629
1958-01-01,13.788431552307635,17.094108854212212,0.060595434959735586,48417.619891034345
1958-02-01,13.78490639033768,17.087281988811373,0.06187788720846586,48756.79736782735
1958-03-01,13.925589923892943,17.25815533706721,0.06299125007704465,49588.7650405033
1958-04-01,13.913501765262778,17.239665390241075,0.06267794257358467,49858.88007138191
1958-05-01,14.323824968409228,17.742987045801197,0.05979164604232959,51631.46982921491
1958-06-01,14.63555555195627,18.122451008262182,0.05695567923070745,53042.375555097155
1958-07-01,14.957457101901133,18.51313740104799,0.05227756453464144,54482.6601482779
1958-08-01,15.544566891165916,19.229233309769246,0.04558516370700294,56887.714610948206
1958-09-01,15.931923184092842,19.695350298388707,0.04182106633622133,58562.34422519432
1958-10-01,16.55980331035157,20.455148275406533,0.039457090686644394,61115.74197581253
1958-11-01,16.988883579386332,20.965610881429534,0.03972103343144632,62931.511733966974
1958-12-01,17.35835736536996,21.399510465598834,0.03733806321074788,64515.49722758618
1959-01-01,17.98033934299339,22.140010454221386,0.0345207004870247,67029.16678721464
1959-02-01,17.759169263611422,21.841682331178735,0.03631425020967783,66410.89827895295
1959-03-01,18.20087184548564,22.355431528386656,0.03464773301871925,68275.18084429695
1959-04-01,18.430753048783412,22.606141738483977,0.03258714311802922,69357.96581727792
1959-05-01,18.69272143959418,22.89422916846689,0.030354324726054635,70583.10059313203
1959-06-01,18.44859139706648,22.56221482041709,0.0306856984249297,69914.77388818655
1959-07-01,19.090533975796518,23.31074290797512,0.029470635773643332,72621.59348390052
1959-08-01,18.958803640750215,23.11462657136477,0.029104756200802412,72390.9615744638
1959-09-01,18.123290556758622,22.06562182278451,0.028957426532419797,69472.90951237673
1959-10-01,18.021962441515427,21.91329351265728,0.03197373647861372,69359.65428393528
1959-11-01,18.07178913057021,21.94586339590118,0.03139061226480769,69824.4177112294
1959-12-01,18.6247289779001,22.588315691509752,0.029010076868157736,72243.19996026858
1960-01-01,18.338284994375556,22.21544127554584,0.02963452794942404,71416.47812260455
1960-02-01,17.545275108945965,21.233856769802024,0.03474757761819637,68608.4844104081
1960-03-01,17.28602072052214,20.901862083864035,0.03756823452125087,67872.54423163028
1960-04-01,17.429766947597187,21.057013645323984,0.03713829621486336,68714.4499120384
1960-05-01,17.2561705787279,20.829617960486146,0.03658318385692871,68285.64424894341
1960-06-01,17.82336381726473,21.494025476015526,0.036654561760249484,70769.38315723966
1960-07-01,17.376806472898103,20.937549239049762,0.03931696060144472,69215.20049359613
1960-08-01,17.582113039577656,21.16603187120121,0.03880170512478685,70247.10691212976
1960-09-01,17.052015467817654,20.511204667640953,0.04015103884406269,68335.85356091052
1960-10-01,16.605104536251023,19.95822762948362,0.04068368452938367,66740.98297212736
1960-11-01,17.146088452418997,20.590981751601515,0.03797012851613482,69104.18267628652
1960-12-01,17.562090833957118,21.07125094794225,0.03625922615954221,70963.52993866903
1961-01-01,18.47041698647717,22.138023912072313,0.031844848651755894,74814.32903473223
1961-02-01,19.23401449829835,23.028743280290055,0.02910305468936939,78086.4464209571
1961-03-01,19.844225272725563,23.733978127182557,0.027510257772652938,80738.73122111132
1961-04-01,20.382842975754766,24.352100217522807,0.025778633459042216,83095.4996542915
1961-05-01,20.598606843297333,24.58439827006407,0.025572348486321006,84145.29089251855
1961-06-01,20.332414551592287,24.243964853269727,0.024507926215313523,83236.35303851665
1961-07-01,20.146643736827308,24.001732449096934,0.025240009310458396,82659.04430215145
1961-08-01,20.941688475215166,24.927371788688728,0.021816815188407772,86120.06881884308
1961-09-01,20.70524304414724,24.626812599567018,0.022520573809431954,85368.74317215304
1961-10-01,20.924190141010776,24.869916653028195,0.022227504665063458,86517.40080775814
1961-11-01,21.857957721959654,25.960088110372336,0.01921532164864754,90648.18259142268
1961-12-01,22.041480198382242,26.158967454388556,0.01725153318092864,91704.55444351272
1962-01-01,21.197931400015207,25.142459916082903,0.01885694371648263,88507.40843592037
1962-02-01,21.45168775487336,25.42705712071741,0.019803478924056123,89898.50372466151
1962-03-01,21.44315856852622,25.400593865759603,0.020922020958310868,90205.76149871336
1962-04-01,20.658336447649013,24.457371048910858,0.023545227932979355,87260.06656586425
1962-05-01,19.089367498116637,22.592739011982133,0.02722380214925576,80991.0762041234
1962-06-01,16.827571244792455,19.91722264106668,0.03348178357316253,71748.48447876002
1962-07-01,17.14132566132277,20.28907166390208,0.030967289321607923,73455.63449720993
1962-08-01,17.571262631045517,20.797371453348276,0.02983985079195855,75676.93894446318
1962-09-01,17.32146114746547,20.501925308455842,0.030994332976254577,74981.17365651864
1962-10-01,16.739820967901313,19.81627867137708,0.03350027818762903,72841.26590346299
1962-11-01,17.854386489497127,21.13463486809106,0.02987112809180926,78088.26314550884
1962-12-01,18.585836118439836,21.996928448150364,0.02826689565568509,81700.69070857765
1963-01-01,19.259231693254034,22.78777539606365,0.027065841820962125,85089.3075042798
1963-02-01,19.46919130967139,23.029397502210227,0.025987675611033323,86447.66404554597
1963-03-01,19.288064606604824,22.808875397934823,0.026321100952038372,86071.64261969131
1963-04-01,20.150077238226967,23.81965640164467,0.023703168769710056,90358.25923084425
1963-05-01,20.507585864952596,24.23244734996407,0.022857678405550995,92410.82694340637
1963-06-01,20.384149993840985,24.0771531733932,0.022505837092669866,92310.19025871051
1963-07-01,19.96923188594963,23.57882651204824,0.023555825629666592,90885.61537272861
1963-08-01,20.47263790052767,24.16321423105722,0.02214700661309802,93640.85506340172
1963-09-01,20.9603600907051,24.727136816950267,0.020210426714588718,96350.82862087431
1963-10-01,20.891344595411496,24.634554206566822,0.020021572622875648,96520.64439415443
1963-11-01,20.720399335339703,24.423701791634457,0.020692523571010403,96227.31023030136
1963-12-01,21.038599376737046,24.78906855362926,0.020191207824954024,98214.07258635697
1964-01-01,21.627216196980925,25.471838579072283,0.018497562501543732,101486.62476384298
1964-02-01,21.83267082671032,25.702472478695206,0.018262443104984954,102990.37577866866
1964-03-01,22.16724558598263,26.08399141025239,0.016871130342640477,105125.19588219127
1964-04-01,22.422192169737166,26.370888403447534,0.016635908141929938,106906.92898613503
1964-05-01,22.57433076956382,26.536112909394056,0.016257628241597953,108213.43512385397
1964-06-01,22.30028803608278,26.20115179535617,0.017429662017281446,107487.97455889017
1964-07-01,22.984351845738395,26.989715153331495,0.016221768966826165,111388.52412568612
1964-08-01,22.650407292938795,26.584322276294206,0.016536508374959624,110380.42362796127
1964-09-01,22.89222198423168,26.85404461770387,0.016674819662362984,112190.23205343004
1964-10-01,23.21215468067533,27.214540709714267,0.016172738247145657,114402.83164254275
1964-11-01,23.225019793095818,27.214609565060336,0.016874766984181146,115106.85482997983
1964-12-01,22.752984772787258,26.648307034113806,0.017847660253903185,113393.63443681356
1965-01-01,23.269335081922463,27.237870222779115,0.016772396482347525,116594.1042662763
1965-02-01,23.37206827275134,27.342132127815116,0.01638349748297068,117732.84746415325
1965-03-01,23.253528200034843,27.187223882061446,0.01692668474440273,117752.40257890456
1965-04-01,23.4205519547713,27.365269983870878,0.017044142006345735,119207.9667992074
1965-05-01,23.70880830886195,27.683223304413566,0.016425016894026367,121275.6204236376
1965-06-01,22.385342986457793,26.12273837704227,0.019564194009378984,115078.5769062571
1965-07-01,22.300781712174437,26.0086898401447,0.01945347062064999,115198.86428634154
1965-08-01,22.665971845964396,26.41738663988444,0.01823099265869576,117641.3318802675
1965-09-01,23.37414683164864,27.22229294175346,0.016115746985655773,121873.73575394192
1965-10-01,23.775745523312704,27.667414224243988,0.015114242163623892,124524.92213491088
1965-11-01,23.925461156673734,27.818071369298647,0.01385105015974561,125867.04981083701
1965-12-01,23.69411154910634,27.52561191210981,0.01325817215192622,125207.99922793648
1966-01-01,24.05848338842176,27.923438274605243,0.012718973089049991,127689.9558244276
1966-02-01,23.70002714557942,27.482994403460836,0.011785616374618842,126347.99349936537
1966-03-01,22.611112582290012,26.200300759745176,0.013735257908352554,121091.86820872566
1966-04-01,23.113696462615845,26.76040894831138,0.014226847363845677,124340.46289253644
1966-05-01,21.85217797676311,25.283601610272136,0.016046646835389006,118115.89810065611
1966-06-01,21.55525338322627,24.92548857087241,0.01594046667277354,117094.37955967546
1966-07-01,21.381702007433432,24.711793345102826,0.0137851891438652,116757.82662977673
1966-08-01,19.913903864009825,23.008866665632194,0.016228873124906514,109350.87510137196
1966-09-01,19.161676250615024,22.13699850068809,0.01822798109081218,105826.74429499482
1966-10-01,18.825409371315697,21.74693156657988,0.021110043424480987,104589.00452232722
1966-11-01,19.71125121192898,22.76571918029143,0.017222795263777978,110148.26674315939
1966-12-01,19.736473752791984,22.790219081135152,0.01998848480356602,110935.9467590718
1967-01-01,20.432242125384292,23.58698583926791,0.020863127305986412,115519.06222827728
1967-02-01,21.07444316367845,24.320019544824316,0.018503704565098963,119829.08368362676
1967-03-01,21.443898602019107,24.737345583070855,0.018528321766579793,122613.52511558664
1967-04-01,21.68602556674625,25.007294802946525,0.017450185317673485,124678.74842024937
1967-05-01,21.948477389658414,25.300129034292656,0.014241698664414534,126860.97359611513
1967-06-01,21.552097609793496,24.835207934713083,0.013322936774481042,125225.54585013594
1967-07-01,21.804196245666375,25.11740069497411,0.010970175118491597,127338.92276517213
1967-08-01,22.030627049126025,25.369524753969273,0.009602792002189706,129310.40076552557
1967-09-01,22.2191454886648,25.57742871070212,0.00932084732388691,131058.61650912646
1967-10-01,22.068199194183894,25.395023055830496,0.008131057033560166,130797.01047337959
1967-11-01,21.263102968336284,24.46296536056238,0.007089377826197563,126651.96679793582
1967-12-01,21.75159780872363,25.018284016206437,0.006833840588637924,130207.80973645322
1968-01-01,21.511535896332184,24.7366829899269,0.008931350539988087,129422.62146067253
1968-02-01,20.424992376214224,23.486290074730878,0.011402357531354157,123551.93937968064
1968-03-01,19.934711308295704,22.923790260635617,0.010394369323284212,121272.02013785906
1968-04-01,21.277356015671742,24.465807304987642,0.008172456938925599,130185.51476224308
1968-05-01,21.630227142779873,24.86931374878578,0.005401156083205308,133129.7671648997
1968-06-01,22.004623431346527,25.29690301803489,0.006703087049696979,136256.32366038984
1968-07-01,21.75353741567094,25.00671467527479,0.009661176933087323,135543.25994235583
1968-08-01,21.137766793617846,24.29955806039346,0.012443883796378681,132543.6816891595
1968-09-01,21.68027563329292,24.922460342186483,0.011150936161089052,136803.52921377652
1968-10-01,22.00460692795687,25.29364511811922,0.009850589489287971,139726.06309177112
1968-11-01,22.195529227158136,25.511036361496643,0.008195879324794104,141820.96172992486
1968-12-01,22.27787299543487,25.603481925014655,0.005369700890587442,143240.6685084044
1969-01-01,21.194968072847143,24.35967147434075,0.007497662174861051,137147.12820949816
1969-02-01,20.895729901987227,24.016674426994644,0.007598149574642728,136056.7041287373
1969-03-01,20.202287616481645,23.221677104407608,0.008993739535940563,132344.941535535
1969-04-01,20.42860808193214,23.482621868082397,0.009957099691437252,134610.14853112432
1969-05-01,20.972258271972077,24.106259591810325,0.007469564387868319,138957.96739950567
1969-06-01,19.713341583757614,22.660788139262017,0.008223010403274,131329.4398605512
1969-07-01,18.681708207192745,21.47881578006708,0.009730850256854662,125123.6009898566
1969-08-01,18.42951559020773,21.19334928926966,0.011318181972567877,124095.03659851562
1969-09-01,18.39804634467696,21.161648629370408,0.006637296580913381,124539.14413851504
1969-10-01,18.448662031815342,21.223912918013678,0.0072898151339660655,125539.56457123965
1969-11-01,18.43776008469103,21.215681439338884,0.0074696523355253786,126115.91743357727
1969-12-01,17.326929913742674,19.9451447524721,0.00639192188665625,119140.40575094559
1970-01-01,17.090541395140196,19.68159653887978,0.006411243374265248,118125.66334634056
1970-02-01,16.372586787159843,18.865300867228147,0.01466888169378601,113748.77912479632
1970-03-01,16.531690813943605,19.058795732982517,0.016319779332802632,115430.53768805032
1970-04-01,15.873067819354048,18.31141111134403,0.016084252196537224,111384.47052144256
1970-05-01,13.983836060789185,16.14957014615356,0.019662032140303654,98654.61873221374
1970-06-01,13.799691797725176,15.955062559858014,0.021499547604048097,97881.56244384454
1970-07-01,13.726499744359762,15.888935332500385,0.026214326254140635,97888.8260744873
1970-08-01,14.100456516815443,16.33950832916865,0.023582231493170888,101076.23186088595
1970-09-01,14.84266114524222,17.215125541252288,0.02196185272759632,106917.62668986249
1970-10-01,15.064185404089631,17.48667851876303,0.02140193461165009,109021.31670363473
1970-11-01,14.950761908791732,17.36984898530783,0.027326345228659815,108693.194073273
1970-12-01,15.873840687205742,18.454515548006192,0.028455287421124548,115886.75314112009
1971-01-01,16.46179394349194,19.14900274825979,0.027705281704982716,120649.41342892054
1971-02-01,17.034534781502128,19.824574232687645,0.02722117594317807,125341.64825526348
1971-03-01,17.402902607188878,20.261603158151765,0.030336339371474168,128567.82269630907
1971-04-01,17.92411044795961,20.875485334712348,0.027622614301182624,132958.47283596062
1971-05-01,17.56415327969938,20.46389114726462,0.02367861417541161,130832.56888815838
1971-06-01,17.083166880070703,19.91193906311366,0.024746298795041713,127793.00016999211
1971-07-01,16.88941470869336,19.69494169015051,0.022881739151916665,126888.47709381835
1971-08-01,16.519449443051563,19.27301887088275,0.026305165708427142,124656.79377975411
1971-09-01,16.856792547836,19.674910494388264,0.029149353637379943,127755.90730261052
1971-10-01,16.428862709159468,19.184397344751748,0.03304704610417141,125067.69048266891
1971-11-01,15.638712654326643,18.271922182649185,0.03732244230990707,119599.61274459654
1971-12-01,16.603557212925335,19.405829401067077,0.03290990169479015,127542.85405974273
1972-01-01,17.262996797035175,20.18082172705192,0.030409213945432362,133183.48833183802
1972-02-01,17.46414760548617,20.418898605460928,0.028599563798766728,135304.56280610836
1972-03-01,17.80564384961494,20.819715240429737,0.027851006076088466,138513.6352065601
1972-04-01,17.91516167849829,20.948428276212134,0.026214335260434166,139919.41123846985
1972-05-01,17.662646200372553,20.654075196229318,0.027860827719040644,138500.0575663649
1972-06-01,17.640857315740252,20.629105958815575,0.028378696724454165,138880.9996192811
1972-07-01,17.39869003113817,20.346611167293183,0.029320452728723523,137522.01539346128
1972-08-01,17.9434046880298,20.982640900740655,0.026821906525101392,142385.94971233312
1972-09-01,17.613854552912112,20.596901878448605,0.024369897516160755,140328.66454305002
1972-10-01,17.53318385415855,20.502387938457538,0.02582085013722478,140250.6561429255
1972-11-01,18.338894714968056,21.441895093127492,0.02555914371473563,147274.03924592215
1972-12-01,18.64571944207368,21.79681634910063,0.02410541240706352,150326.2479848707
1973-01-01,18.712530467302436,21.870338532710903,0.023156980894173076,151457.85799787825
1973-02-01,17.889889599193754,20.905882678986934,0.024540442446005298,145398.47682407356
1973-03-01,17.412142058290335,20.345254441323714,0.0259950098735119,142117.95761555186
1973-04-01,16.935740066050826,19.787325522958447,0.02872587050572295,138836.5799839913
1973-05-01,16.314338759668573,19.061145729006856,0.02988582385959896,134346.16181157864
1973-06-01,15.808323047681979,18.47060167810371,0.0317147663098105,130780.97541806227
1973-07-01,15.88951857398878,18.565516582822443,0.028987491947744817,132066.68151581747
1973-08-01,15.278501094706122,17.852222658614025,0.030662641868366564,127604.20088302965
1973-09-01,15.475308601805562,18.082083727935423,0.033160456131076405,129864.03539083073
1973-10-01,15.913516308933383,18.592078071081094,0.03495899613495182,134180.5152063236
1973-11-01,14.651845159710566,17.119742977139467,0.04165232876025114,124172.11911276403
1973-12-01,13.493329686205886,15.771102210645207,0.04775292805378348,114974.10970510912
1974-01-01,13.530721892513945,15.819141518464626,0.04594596555731906,115927.48349818941
1974-02-01,12.957321280205385,15.15429214633871,0.05085036792270416,111625.52976500923
1974-03-01,13.31036423914016,15.5711221422643,0.04762201639786083,115268.70528240291
1974-04-01,12.550411048540902,14.688309996556281,0.049607504754646925,109261.43831262577
1974-05-01,11.995436947329656,14.045930080444695,0.05389286865137606,104994.7149983183
1974-06-01,11.888498820078995,13.927722593419718,0.05556245361921312,104615.7014327984
1974-07-01,10.394141805327049,12.188506545695981,0.06546966047561877,91997.03512143031
1974-08-01,9.824195723141196,11.53294243495448,0.07035410055748781,87474.02735628063
1974-09-01,8.680421305646332,10.206222645077458,0.08468021082031661,77784.20179331544
1974-10-01,8.744983833809586,10.297190694389547,0.08626254316371851,78854.20516674584
1974-11-01,8.948984512755606,10.55151501033522,0.08633796362510356,81170.99108331543
1974-12-01,8.289060055923082,9.78948323119962,0.09854815767561231,75639.02025997124
1975-01-01,8.92099550840425,10.549889518230213,0.08970710376206051,81855.5212419019
1975-02-01,9.762246716166471,11.556048733542454,0.08195279568678356,90013.1956795477
1975-03-01,10.163796767444037,12.041659481362904,0.07456923635728158,94133.71210792876
1975-04-01,10.23307613660592,12.133964603730421,0.06896614211146763,95173.5663044543
1975-05-01,10.818139119335806,12.836132514309517,0.06597710953850158,100990.74270192752
1975-06-01,11.011354609247665,13.073236851521386,0.06647544885536488,103139.80240806063
1975-07-01,10.902767048238578,12.95241203093509,0.06655417537837705,102438.6634100717
1975-08-01,10.089769593328016,11.997338854776945,0.07073919893749694,95096.34202357623
1975-09-01,9.918905356559419,11.805187590081793,0.07272825998014897,93767.42103620179
1975-10-01,10.32759977750111,12.3009496531881,0.07188366226841958,97890.06387928352
1975-11-01,10.435859457947897,12.438145517109916,0.07254640613399571,99165.24842457079
1975-12-01,10.250368416256839,12.225327151884688,0.0748291172799385,97641.40645219802
1976-01-01,11.18505136262215,13.344852948567917,0.06946703647215663,106769.48375917567
1976-02-01,11.586092994449691,13.825819214816358,0.06558911531161626,110832.09002771035
1976-03-01,11.631754403566509,13.881952375762486,0.06570974195020657,111521.86139998381
1976-04-01,11.689164132206368,13.95129800301185,0.06670850773515283,112343.72691064127
1976-05-01,11.532053585609424,13.764637153557764,0.06522509142016975,111122.96675005628
1976-06-01,11.543841631417102,13.779039853350035,0.06576969549581908,111533.64116128706
1976-07-01,11.75749048868991,14.033225918703812,0.06472684483001667,113907.52555545192
1976-08-01,11.597986002509248,13.842562825921178,0.06640188451102244,112679.6571972751
1976-09-01,11.805990949539789,14.089874827138562,0.06705079919510815,115028.58614952084
1976-10-01,11.345696136316695,13.541591689930145,0.07219165911208196,110881.79881140256
1976-11-01,11.24885586050796,13.427973102245351,0.07433305353541314,110290.81633252578
1976-12-01,11.597589726582937,13.845167133360254,0.07622431423336463,114079.66158513732
1977-01-01,11.437961346787546,13.65610062671408,0.07457212881987174,112889.10440227498
1977-02-01,11.014841854222775,13.154123053942891,0.07721197981701312,109100.4584378946
1977-03-01,10.895746511662738,13.015883122750958,0.07789782266979081,108312.46882592136
1977-04-01,10.636037409141357,12.71093142788389,0.0816057098868885,106132.78636002743
1977-05-01,10.548486693556995,12.612312925720722,0.08169525484681463,105677.91379173659
1977-06-01,10.530023959090753,12.596542842152296,0.08404411175243046,105931.12904034226
1977-07-01,10.567692447775405,12.647994539435665,0.08341074274420107,106766.10574906296
1977-08-01,10.268385666710994,12.297488474266256,0.08549913740550608,104209.31708841775
1977-09-01,10.067742820070697,12.06582375913162,0.08806992975670315,102653.1875892246
1977-10-01,9.766666299556544,11.715003066672729,0.08936165065528148,100076.07199198574
1977-11-01,9.766299983660197,11.724729783734961,0.08896682840305305,100573.19663908774
1977-12-01,9.678266582535917,11.629817356636796,0.08882704743246747,100173.97129436294
1978-01-01,9.241462260934686,11.117327063419959,0.0910679235977686,96162.16894672606
1978-02-01,9.045263570704739,10.894504079092549,0.09308179269215709,94625.72428307407
1978-03-01,8.950420077633892,10.793768769045753,0.09468462655343846,94132.6796369556
1978-04-01,9.262588720866843,11.182400797006657,0.09034509111540295,97910.35662371962
1978-05-01,9.634910728598445,11.642215937209842,0.08485883777505829,102341.92608034909
1978-06-01,9.549678981041737,11.549477957050744,0.08521906255430682,101928.26848373054
1978-07-01,9.425524047787356,11.409884648364534,0.08499996751231313,101092.71491425851
1978-08-01,10.023970854003752,12.142389731257984,0.08114647573711711,108010.91112453252
1978-09-01,9.941887473004408,12.051024072050547,0.08237040403865367,107630.41432284046
1978-10-01,9.533608358208832,11.565326820474883,0.08482982227045277,103710.98543762689
1978-11-01,8.92841890229315,10.842331646474504,0.0904137097825752,97636.44806166028
1978-12-01,9.01194181913383,10.95390764257777,0.08754849244367037,99074.27812793432
1979-01-01,9.257636919139971,11.261020341262228,0.08434488113791977,102317.76013960404
1979-02-01,9.003740371045636,10.961002211569227,0.08803605660113657,100067.91569007597
1979-03-01,9.070785029660762,11.05059648407651,0.08720038013463213,101387.26718961769
1979-04-01,9.133063566217414,11.133601762772866,0.08647595026293249,102678.99529073149
1979-05-01,8.794383289814954,10.728950511599072,0.09105296552439984,99471.12218750795
1979-06-01,8.85393776469395,10.809180598290325,0.09429245649469736,100752.55208048932
1979-07-01,8.827498045542363,10.784338517075032,0.09482550142401514,101070.4238737453
1979-08-01,9.127165797215032,11.156331375849183,0.09074647769688396,105136.30351856112
1979-09-01,9.112758990740957,11.144412105091895,0.08878609127487593,105615.61480388556
1979-10-01,8.68184330689931,10.624838288277685,0.08481528736369671,101264.15873759503
1979-11-01,8.518784302983557,10.4334692694231,0.08394033968829681,100010.46747377569
1979-12-01,8.74520440466929,10.717928631289354,0.0840555503791804,103329.56290624243
1980-01-01,8.850934180729109,10.854081878724763,0.07983469845349189,105246.90065244683
1980-02-01,9.054476092192516,11.109252312727026,0.06213716522876529,108345.47612508356
1980-03-01,8.081150900785495,9.924835697356501,0.07309897274158,97358.27984646297
1980-04-01,7.844024504719217,9.644448048297322,0.09000066928921115,95161.3158456169
1980-05-01,8.104225807176496,9.974412483708678,0.09958705186387128,98979.78565357339
1980-06-01,8.51207796230674,10.484904625773892,0.09829741883754904,104624.90027916661
1980-07-01,8.88086552729584,10.946930734313668,0.08816451154968646,109827.4883260015
1980-08-01,9.07100598161838,11.188545257817426,0.07808383787866598,112861.08236218078
1980-09-01,9.19604013174324,11.349812726304924,0.07283595962550314,115097.6978502684
1980-10-01,9.35784104675711,11.55616311088969,0.0690295926857678,117804.755532387
1980-11-01,9.654043663233388,11.927567744896834,0.05679183757499566,122234.33822547627
1980-12-01,9.389902084921744,11.608006971345489,0.05856753108409245,119596.01433149594
1981-01-01,9.259404530877953,11.454209284131178,0.06364166621778888,118648.55825458071
1981-02-01,8.829899353831308,10.932069150005738,0.06353679324489456,113831.24837056015
1981-03-01,9.081096883854627,11.251403769600726,0.061569473498460245,117746.84336803739
1981-04-01,9.085561230788745,11.265311096462014,0.05637666153137544,118469.7612099371
1981-05-01,8.818483466548066,10.943243788709784,0.05581888284693015,115647.90880971277
1981-06-01,8.765340744304927,10.886260091011925,0.06296378958832877,115612.42070140365
1981-07-01,8.44531946787551,10.498717805693904,0.060110156642069035,112047.80877854646
1981-08-01,8.399806316566439,10.452105800480162,0.054711363406107716,112093.58899317603
1981-09-01,7.5811630519231565,9.446392731834704,0.06482029013725307,101797.32974710703
1981-10-01,7.649141713319213,9.54375340001717,0.06531497355094401,103336.49859144341
1981-11-01,7.810752565716109,9.757177879149886,0.08055833329807846,106143.48633857183
1981-12-01,7.832562137141897,9.79589996157547,0.07671917675410608,107055.18920561144
1982-01-01,7.3886599733759954,9.253826807056987,0.07603574951320219,101590.06817000102
1982-02-01,7.181823450546731,9.008823810691185,0.08135128973041267,99331.89694633037
1982-03-01,6.9506737935360325,8.734195921151276,0.09130425630141711,96710.09118615935
1982-04-01,7.259072625426148,9.135762299511821,0.0852886898148344,101571.71870565071
1982-05-01,7.1926124844646235,9.066293563047877,0.08982571898672997,101192.82377846965
1982-06-01,6.692133988197589,8.451496753639914,0.0945160315266276,94675.59383534137
1982-07-01,6.63865310020876,8.400296954038716,0.09925864350563962,94420.71129071439
1982-08-01,6.64342275216609,8.422750758567593,0.10801408722100167,94976.52582966455
1982-09-01,7.398838200323309,9.39384428501222,0.09980937687561033,106248.7036352835
1982-10-01,7.999840994534588,10.167766914461478,0.10377276401638613,115332.14005438107
1982-11-01,8.347476938155427,10.619399669022322,0.10168839765063205,120768.43662004934
1982-12-01,8.467738401400478,10.782007239538874,0.09938633373179818,122907.60136768216
1983-01-01,8.756783224134743,11.158544264730377,0.09625529562626896,127472.41593965409
1983-02-01,8.91049343662412,11.362068266848615,0.09103401885507215,130055.5976486809
1983-03-01,9.232829705190525,11.77931272112625,0.08820851061293213,135084.03018492728
1983-04-01,9.531581284160414,12.165031590630468,0.08593763163921256,139755.4997563033
1983-05-01,9.8744565046684,12.605255648355712,0.08240888324541366,145056.3423223644
1983-06-01,10.000117903130022,12.767362769540012,0.07602510331623157,147155.62057805498
1983-07-01,10.014475995571027,12.786896040903441,0.07077177393272022,147605.7620239717
1983-08-01,9.728056935665208,12.422837481069045,0.0673968529107451,143622.790772742
1983-09-01,9.984202458028777,12.749884493756916,0.06705890471981757,147646.92472668868
1983-10-01,10.003391799449624,12.773539636170566,0.06733469414075638,148164.37282143807
1983-11-01,9.853581649364278,12.581491199513113,0.06685883741509796,146185.92202891063
1983-12-01,9.815010903608668,12.531076317323553,0.06525964409105088,145856.7027093157
1984-01-01,9.894931809202534,12.630750087850327,0.06574306761357711,147285.15406250433
1984-02-01,9.324529645727983,11.902399335847171,0.06937144418105556,139075.4738966471
1984-03-01,9.326747066508242,11.904570260565988,0.06339250293545598,139420.59360139785
1984-04-01,9.305643404594823,11.876543098868659,0.06060971379474146,139451.34624414297
1984-05-01,9.231831816896046,11.781082542587828,0.05264208935378019,138698.73977871434
1984-06-01,9.010185512291006,11.497716640781473,0.0532353611982679,135744.52050142514
1984-07-01,8.8683022140433,11.316241863649717,0.056549760285445436,133996.21538236892
1984-08-01,9.623063257373168,12.274711609555567,0.05321848756676341,145774.2494063021
1984-09-01,9.687341313628078,12.351552352066461,0.053758978119069475,147123.03278479533
1984-10-01,9.595070703048505,12.229383028121246,0.05760107851846759,146102.54897860822
1984-11-01,9.691973221783089,12.348679358880036,0.06162119253361201,147984.9786650842
1984-12-01,9.595054801133456,12.222162489146159,0.06253264079268334,146941.60892675098
1985-01-01,9.99700117773045,12.729627871083482,0.05933315692808745,153555.86285798077
1985-02-01,10.494935172607077,13.357385583224795,0.052973907673109014,161679.6719253916
1985-03-01,10.37321721492473,13.19778610873998,0.05058811726454482,160304.63278515154
1985-04-01,10.397118719816818,13.224090599429953,0.054763095933410735,161191.7992755822
1985-05-01,10.608120467860093,13.488455241725188,0.058444011517648956,164986.0533440524
1985-06-01,10.810049845861213,13.741426269246412,0.06307921955481516,168659.2271780516
1985-07-01,10.997563956793382,13.976419083122853,0.059007975140128885,172131.90444196353
1985-08-01,10.738799808877282,13.646192185229491,0.061000120961805,168645.13566423306
1985-09-01,10.471234661697551,13.30658315437371,0.06268656154793997,165010.3101697347
1985-10-01,10.552516982943747,13.410439843384864,0.06305898669861097,166863.33840117956
1985-11-01,11.164611128667467,14.186571464023928,0.061981515915447774,177089.5709508907
1985-12-01,11.690521474467596,14.851243444332495,0.06305996751515094,185955.2952990697
1986-01-01,11.715007584487985,14.879155972876086,0.06368185902322782,186843.3282871796
1986-02-01,12.388219099418123,15.727961947238798,0.06326570656270636,198033.3061553697
1986-03-01,13.189022981532716,16.734740582959418,0.06688280325039594,211246.62256731384
1986-04-01,13.552504172869478,17.18391435558793,0.06907103381145846,217439.5191441658
1986-05-01,13.560046199232332,17.180748515167295,0.0644657967929348,217909.02343883587
1986-06-01,13.888688626457112,17.582378520821575,0.06184200539550404,223507.22208613716
1986-07-01,13.619995534083806,17.22854921085271,0.06770006219295127,219478.63500744413
1986-08-01,13.887667550866052,17.552178737142764,0.06722047828635414,224078.645832534
1986-09-01,13.46731431297713,17.007759947928392,0.06678208850013793,217586.3151650907
1986-10-01,13.42591886085736,16.942441583196967,0.06675361068841358,217194.9412664884
1986-11-01,13.8729855961386,17.49166618064256,0.06606595685814573,224665.91315333045
1986-12-01,14.085139814743306,17.743316425436984,0.06610970206910384,228299.79785129015
1987-01-01,14.922208103718946,18.777962794262155,0.06255222587187365,242003.56637635012
1987-02-01,15.822318142836451,19.886426559991165,0.05633488935618443,256719.6140656672
1987-03-01,16.43334397606992,20.627202938129233,0.053742497442263164,266761.0718781048
1987-04-01,16.196534453220877,20.30384107105139,0.0466094315061828,263073.0002710565
1987-05-01,16.16031195265574,20.233478963142403,0.040693975709329595,262600.1860055044
1987-06-01,16.825207307878717,21.038765339298106,0.04002054942434861,273450.53788851935
1987-07-01,17.306004390512218,21.611453473791183,0.03762551726106223,281248.0701500411
1987-08-01,18.32690724585634,22.852095511377357,0.03151800196062857,297833.08160964557
1987-09-01,17.675620449938222,22.007766234206724,0.027138089806860215,287304.1476670583
1987-10-01,15.530055563627315,19.313386963315388,0.03388539955843836,252592.26260688575
1987-11-01,13.590885143189082,16.887366309768474,0.049247979245253995,221326.58921524146
1987-12-01,13.389028514426963,16.62249463399986,0.048714014484914483,218376.32083723287
1988-01-01,13.898336683569141,17.2374648017574,0.048770254494573964,227063.00239713077
1988-02-01,14.298270962469523,17.714126170441723,0.05095472216058204,234017.67960642325
1988-03-01,14.668946811103464,18.152060554951028,0.04720299705962881,240547.95064846962
1988-04-01,14.433316420838947,17.84059509304347,0.04452705830833656,237202.0371235847
1988-05-01,14.031891348027774,17.32531798621272,0.04217868506100306,231228.5991935945
1988-06-01,14.76646864787962,18.208235569514837,0.03963841085063305,244066.5930310203
1988-07-01,14.608315717522098,17.98876320102843,0.038609675495086246,242296.58315578647
1988-08-01,14.244946310675651,17.51872593389569,0.03831922345219643,237137.9218712535
1988-09-01,14.369428776140161,17.648292003694422,0.04042123697308585,240099.60058568825
1988-10-01,14.811450153277724,18.16551739794118,0.03954542721848532,248404.58919396574
1988-11-01,14.445530680872887,17.692871543397224,0.03927100223761787,243190.59603028328
1988-12-01,14.702086748571995,17.981586492014177,0.03626845035879285,248442.28375147362
1989-01-01,15.088072442713285,18.425435496743226,0.034319933499708785,255899.76434315107
1989-02-01,15.46706046273475,18.857435717731363,0.03109942441740994,263263.33815724653
1989-03-01,15.298969108882359,18.622276927610915,0.0294507277065168,261341.77151402162
1989-04-01,15.686742656144585,19.061417959765528,0.02911932630234805,268904.80245782755
1989-05-01,16.18635353854455,19.633569215559827,0.029612224452634353,278395.8698219186
1989-06-01,16.64190423580859,20.1499861950196,0.03280169858994814,287157.9904996375
1989-07-01,17.013407650499133,20.56206243419799,0.03318332447187321,294490.95318726776
1989-08-01,17.734251436577328,21.39365653947955,0.02905887737212179,307819.0340069816
1989-09-01,17.714220678979082,21.33206713750651,0.02752453713081881,308245.27840652806
1989-10-01,17.64085385279795,21.20812869743863,0.029220080548534887,307655.83391927835
1989-11-01,17.24236926694743,20.69730529106809,0.031206213805868216,301365.8596244759
1989-12-01,17.65021290494733,21.15488197175161,0.029230540597029092,309132.37348666444
1990-01-01,17.048843606878275,20.406154475024767,0.027110461834883463,299217.94927216735
1990-02-01,16.508093516490288,19.735353262096396,0.02545090955106001,290295.5935956634
1990-03-01,16.83374823348095,20.101015892206537,0.02206765536917707,296539.2696039481
1990-04-01,16.813913898735766,20.055719260909896,0.01912944548877816,296667.9423285655
1990-05-01,17.392413588645006,20.723389021046017,0.016665497777807625,307385.5217391049
1990-06-01,17.81708282165301,21.206758327830475,0.017515428083203013,315428.33755662444
1990-07-01,17.747171587070245,21.10288653330702,0.018238518796174504,314757.02269873256
1990-08-01,16.168334756508976,19.211937494842868,0.021142960868162954,287372.8472943086
1990-09-01,15.301285443522623,18.172367021965123,0.0232430186387496,272622.4397865486
1990-10-01,14.818147965500797,17.592164749355895,0.026710863834608772,264720.1975753037
1990-11-01,15.187607599503188,18.023739754098465,0.02774402753676211,272013.9108560695
1990-12-01,15.846314974728767,18.79649566201918,0.02713350287088985,284495.6300837969
1991-01-01,15.606190118802363,18.503950717934,0.02778329380891667,280868.22090231616
1991-02-01,17.354664745205113,20.563141293016184,0.022807981407616196,313003.35100368876
1991-03-01,17.81862008339738,21.09807524898141,0.018152543511216618,322055.0506203555
1991-04-01,18.15534589519802,21.48153187363013,0.017261417915378843,328843.98736235313
1991-05-01,18.035430911004056,21.325816065887047,0.016819875859940416,327288.16906110424
1991-06-01,18.01522704468833,21.289084627258898,0.014164945242447345,327458.6616254751
1991-07-01,18.103452345519752,21.381252264915346,0.013004730493853901,329532.9464141806
1991-08-01,18.51225845533772,21.851849122501914,0.014998050819334113,337373.23178397206
1991-09-01,18.35728259177433,21.658412976072647,0.017400877305726384,334882.84174905636
1991-10-01,18.34918799200199,21.63954501585911,0.018553506314309715,335000.8792146535
1991-11-01,18.288868169301345,21.56029678442332,0.019802084951974303,334079.2993557144
1991-12-01,18.44165231351273,21.732934673031167,0.022392289241092447,336956.9557697553
1992-01-01,19.773068211462647,23.291329926002028,0.019160569763829335,361229.3266754207
1992-02-01,19.582982970386748,23.058298827241998,0.016596949753805747,357766.47195855604
1992-03-01,19.283561861298555,22.69846526328993,0.016023313388901006,352367.77829170495
1992-04-01,19.301229507881047,22.712689513614713,0.016285934688981193,352792.57659608155
1992-05-01,19.662279795641695,23.130349591325853,0.015402822169063295,359574.0451824663
1992-06-01,19.315365967644603,22.71680590047166,0.016695001272217125,353529.5484678131
1992-07-01,19.62074069482441,23.070543662535293,0.01977761135263862,359521.881032677
1992-08-01,19.722137498351536,23.184600663955536,0.02209791082609222,361878.998656311
1992-09-01,19.708766424745303,23.164274166851882,0.02391424738681245,362221.67351714824
1992-10-01,19.37027107690697,22.763052023573366,0.023149941896531738,356676.92584874947
1992-11-01,19.833656038801234,23.303331550784886,0.01950157027850366,365993.70668377244
1992-12-01,20.448606721242964,24.020186324731124,0.01933671177275391,378232.9369536712
1993-01-01,20.323410802995706,23.86795022416956,0.021636349599385984,376915.7471855701
1993-02-01,20.54533679290045,24.122919609042587,0.024762232417321624,382077.4348616632
1993-03-01,20.85520014869092,24.48025069793442,0.027201413706418542,388936.1178453855
1993-04-01,20.457362016642186,24.00798830125114,0.027782730536251424,382652.6590698616
1993-05-01,20.517605633764873,24.073856030062416,0.02645337354691056,384892.22762966505
1993-06-01,20.608357012960195,24.17576111023971,0.026869171617220376,387685.5005739447
1993-07-01,20.564596413297142,24.120424250680507,0.028056084282618188,387922.0032078707
1993-08-01,20.812227546627387,24.4051536387975,0.028753403914616525,393668.50143030076
1993-09-01,20.99350100522914,24.61059893638548,0.031236860631154564,398177.64483768225
1993-10-01,21.109178247475125,24.737889343598034,0.031395305530902244,401464.0001587034
1993-11-01,21.037901189606377,24.64540763843443,0.027521778620273885,401220.35758080427
1993-12-01,21.164732079814655,24.783708947329504,0.02663449947564562,404781.34824610525
1994-01-01,21.411974913826544,25.0611360051913,0.025960655912227612,410684.29587917327
1994-02-01,21.263840187313036,24.875326969291887,0.02393251705830029,408977.8508024292
1994-03-01,20.83337588946042,24.35994041810893,0.019954678488364845,401788.4570866503
1994-04-01,20.055250085063854,23.440099239459396,0.016553849274837024,387819.29611930915
1994-05-01,20.19649242128146,23.59345957973502,0.01387432455045065,391660.7855338477
1994-06-01,20.29076369067032,23.690087234431964,0.014494740216395276,394666.0348734959
1994-07-01,20.06795181614216,23.415889076109902,0.012922687944643255,391562.10410649097
1994-08-01,20.535549404755642,23.945020932611577,0.012408744966443182,402007.1562311894
1994-09-01,20.576450100818878,23.975369102753447,0.009895185318056422,404209.740873572
1994-10-01,20.395759282410268,23.74783103385779,0.007299527790082666,402152.5746100632
1994-11-01,20.209473020394054,23.5137543364518,0.005689940976984116,400135.80449604586
1994-12-01,19.911484108090335,23.15011078522383,0.007930468977323073,396036.88834079413
1995-01-01,20.219119422457307,23.488372636558676,0.007684132200324496,404125.42636034696
1995-02-01,20.802571764332686,24.14428224390643,0.00931988864862307,417891.1269150149
1995-03-01,21.152737302037,24.527320822094765,0.011176616601861762,427165.3779088327
1995-04-01,21.642739261879658,25.070444808546693,0.01136218162535653,439455.0935863097
1995-05-01,22.19542669801996,25.684217711127946,0.014329172732935436,453276.35379451443
1995-06-01,22.718356759520628,26.261521783971126,0.01780690586894336,466767.1917323158
1995-07-01,23.37641269151214,26.992759359536368,0.01527552741772966,483331.4339678892
1995-08-01,23.284070256230546,26.857726122313142,0.013424483051002759,484545.64328212186
1995-09-01,23.946007075299875,27.59142277076651,0.01505302757877601,501580.34536986274
1995-10-01,23.92676276408329,27.540347277091726,0.016642280544388308,504516.06681215577
1995-11-01,24.34758688111483,27.99665126062921,0.016667268345671414,516755.7593039069
1995-12-01,25.027380664939123,28.749997901545346,0.017399894631425265,534622.4481516506
1996-01-01,24.76246519464405,28.41994735083721,0.018748642274762355,532377.6920290444
1996-02-01,25.97606555059341,29.784395328216377,0.015880340213838655,561998.8877840223
1996-03-01,25.62993039521613,29.36097004938232,0.012808924489647384,557996.5785370055
1996-04-01,25.424203848381552,29.100029225042814,0.011314165557100075,556953.8832741812
1996-05-01,25.81404382769905,29.519946822343115,0.008332947503943193,568981.1408777883
1996-06-01,25.96667355833387,29.668053217608318,0.005901787420619399,575892.4133456587
1996-07-01,24.858411332348414,28.379278236095754,0.008216982433031608,554818.2830424801
1996-08-01,25.41252912145498,28.988000554261895,0.009648545943907329,570801.7491355477
1996-09-01,25.680115512876785,29.268886878274593,0.007196087253397342,580517.2937080513
1996-10-01,26.48346772089722,30.158081995656243,0.009248786199176913,602528.2736098489
1996-11-01,27.58561204901282,31.38340454150736,0.01114251239114427,631776.9185055258
1996-12-01,27.723946163893988,31.510681258371875,0.009867757351768834,639352.7682516751
1997-01-01,28.332870129950386,32.17058865852239,0.005964224553904253,658109.0170309056
1997-02-01,29.26563488357597,33.19464551397602,0.006392356901558698,684662.3774728008
1997-03-01,28.802458591871673,32.63548559038065,0.004037985849536879,678695.0572051575
1997-04-01,27.585160338136554,31.225851487505796,0.003146492909421754,654767.7359550715
1997-05-01,29.928362224688797,33.84245351213987,0.0016766740896874063,715572.1780092951
1997-06-01,31.25656061638129,35.30591085554615,0.002220591564326864,752822.9580536901
1997-07-01,32.76663768966995,36.97038981277745,0.0033019924737657143,795016.4635163224
1997-08-01,32.586283486713185,36.72604365628451,0.0023199860163869677,796297.091428156
1997-09-01,32.66658134170864,36.77540659801314,0.002860421720956012,803793.5876883767
1997-10-01,32.901498179798125,36.99807639087358,0.004428715221784476,815000.7314603322
1997-11-01,32.336600532812696,36.32301787273598,0.006305989145573461,806114.4448517502
1997-12-01,33.03078904290544,37.06129219491143,0.006227919433666643,828382.3866024488
1998-01-01,32.85996841505225,36.828633533555845,0.009008978503259314,828808.4795879411
1998-02-01,34.70967778226999,38.85604408060419,0.00701124333731876,880239.5879974868
1998-03-01,36.29692773642511,40.58325901178045,0.004698121735641516,925293.8947061127
1998-04-01,37.27693404302878,41.62739772814109,0.003733896183054062,955047.8506675172
1998-05-01,36.956598518969024,41.21821932396519,0.0037046597965648027,951180.1356026942
1998-06-01,36.80229346009204,40.99434126198042,0.005006299559090384,951126.5430589253
1998-07-01,38.25964508524857,42.56102495570418,0.004061260065924076,992406.7958756898
1998-08-01,35.42340102487834,39.357953737660495,0.007045741988492227,922100.7834687233
1998-09-01,33.53235698083492,37.214834941350404,0.013372572807667786,875864.1415143695
1998-10-01,33.77310287904817,37.44000030989078,0.015868041795129736,885008.3673689048
1998-11-01,37.36939188392097,41.37557700054429,0.009932767869394933,982133.771952017
1998-12-01,38.820274780098174,42.927339874933054,0.010498406616905254,1023066.5881478501
1999-01-01,40.576957677208135,44.81105344963518,0.008422395904421724,1072097.2912322683
1999-02-01,40.40015922925997,44.557734535378266,0.005430915654810294,1070085.4566972358
1999-03-01,41.356103632713015,45.551555032014946,0.0022799872986621374,1098037.9700565487
1999-04-01,42.70450951689217,46.97258125988058,0.0020913431991284627,1136439.8097264175
1999-05-01,42.55667670951805,46.74667480085202,-0.0020114592557857122,1135316.6463744561
1999-06-01,42.18067591174694,46.27143255321163,-0.00565123367409678,1128371.1520905623
1999-07-01,43.82803599280541,48.0119978938016,-0.005381635771489278,1175867.461333985
1999-08-01,41.930712159940455,45.873455189594345,-0.005767841559380465,1128781.6477897824
1999-09-01,41.32345133471503,45.15183924706525,-0.005055583707553282,1116689.6234078698
1999-10-01,40.55285439953988,44.25604110562483,-0.006805021431552212,1100514.8708080887
1999-11-01,43.20829071461392,47.094097588396856,-0.007704917120284472,1178017.711510651
1999-12-01,44.197939761040566,48.110968682995114,-0.010886526695300776,1211106.2332001894
2000-01-01,43.77257814693801,47.58768727292149,-0.01521674216525139,1206084.3427833589
2000-02-01,42.185635887917336,45.8076953218717,-0.012833071579527896,1169271.32266718
2000-03-01,43.22074843996588,46.87600933588809,-0.010517110844577914,1205414.7623021198
2000-04-01,43.528574288507755,47.15540685524464,-0.008080416559942315,1221872.785423848
2000-05-01,41.966050503324325,45.41303810500985,-0.011844161384851976,1185800.468334506
2000-06-01,42.78197156707147,46.24558748583608,-0.008916024776085107,1216925.4399338712
2000-07-01,42.758093618269605,46.170728131840285,-0.008559758370781056,1224424.4888917303
2000-08-01,42.869565494419504,46.24211352364688,-0.007362332577598864,1235922.4601236933
2000-09-01,41.89800792488475,45.14750150162294,-0.006842921298466583,1216236.1635184735
2000-10-01,39.36969904420139,42.38264022988997,-0.005150249632164684,1150829.3590026589
2000-11-01,38.7821424567848,41.71336028038802,-0.004736913356643214,1141280.7166910477
2000-12-01,37.27423800449721,40.05987947359605,0.0010472183525711276,1104021.645416953
2001-01-01,36.97886799702984,39.712809789447135,0.0020964838742171567,1102071.0002613836
2001-02-01,35.8346626514313,38.45857074364807,0.0038171588679032885,1074226.5940981735
2001-03-01,32.32583723617877,34.67522463031593,0.009027368740900026,974463.7956812363
2001-04-01,32.1739011683607,34.49609962461752,0.0069286425381250225,974956.494823475
2001-05-01,34.07464321714004,36.51742856121197,0.0028549355130883317,1037329.4802221485
2001-06-01,33.06853441111278,35.4268593226745,0.004718515853947527,1010838.3983297669
2001-07-01,32.163038687444356,34.44859395765036,0.005530045551757217,986720.6211227955
2001-08-01,31.404318760780153,33.631390163183084,0.00868012831268844,966535.040969693
2001-09-01,27.667392586862505,29.631910124299594,0.015392721950809526,853977.9305205952
2001-10-01,28.57737311336011,30.610210495719627,0.015346369150707015,884144.1033977518
2001-11-01,30.00510381105683,32.143096534852354,0.012409781134990847,930391.9211130558
2001-12-01,30.499953255020475,32.67796267493011,0.006989283639199595,947771.7243653137
2002-01-01,30.277204433096014,32.44567789769127,0.007813726902738828,942815.8054440138
2002-02-01,29.085704152008443,31.176385637974683,0.010500638782444581,907617.714849208
2002-03-01,30.29213064091869,32.475809252848,0.005489876941598623,947174.44841955
2002-04-01,29.005883253118693,31.104690399704154,0.008078580810792706,908810.879294407
2002-05-01,28.12810750868835,30.17198413754153,0.009507505473918251,883186.0753965492
2002-06-01,26.38767254118336,28.315227417431345,0.013843029904263136,830438.1735616784
2002-07-01,23.463120467431445,25.189619576345276,0.0212613970435735,740267.0536441455
2002-08-01,23.588713528842376,25.335997073986572,0.024983992645496847,746205.7139603909
2002-09-01,22.365036801224328,24.03375401734794,0.03108292521066377,709519.8559760324
2002-10-01,21.95623386365908,23.606572751994396,0.0310231200903391,698668.5343565397
2002-11-01,23.348396502725123,25.11435804130034,0.027063021565630285,744965.4857251648
2002-12-01,23.101442537685642,24.86043250426616,0.02756673386302394,738890.9827939284
2003-01-01,22.89834857661322,24.653867027835663,0.02769858313672948,734004.2335873583
2003-02-01,21.21410212341529,22.853826114365578,0.033093626579452105,681670.2052858805
2003-03-01,21.309719026990997,22.969623651201292,0.034038561227224644,686465.1112370729
2003-04-01,22.427939577730907,24.18616630244642,0.02969093660099291,724322.4662167331
2003-05-01,23.591080453481492,25.450023010176373,0.031083031209145122,764045.9613326689
2003-06-01,24.832223259531066,26.79657051690988,0.03133399463980628,806748.1323056262
2003-07-01,24.867329101268787,26.84191090752109,0.02488861521116162,810682.4617004519
2003-08-01,24.642251409932168,26.606108883763632,0.020661744197436167,806274.6133336122
2003-09-01,25.24368675260626,27.261410549557148,0.021615329750958152,829077.1930182234
2003-10-01,25.68275607057969,27.74090541797265,0.02020466753441657,846822.0280419892
2003-11-01,25.94679821842012,28.030020810958014,0.019361050279535413,859414.3970289858
2003-12-01,26.635170511081533,28.775402120617297,0.018553955987951558,886724.6334423319
2004-01-01,27.65854035573658,29.879678114425,0.018583060527543396,925976.6503551105
2004-02-01,27.650862036740214,29.869912101543253,0.019494926722588693,931026.0584221806
2004-03-01,26.886530384035858,29.043714557354303,0.02333251982148752,910599.3945040302
2004-04-01,26.90057750844488,29.058291817756977,0.018301491150888125,916493.9513876514
2004-05-01,25.902814292943752,27.980644843237364,0.016561827151167788,887811.112962184
2004-06-01,26.4012853664749,28.517933395288207,0.015710763876718464,910306.5224645128
2004-07-01,25.69588864626855,27.7555145363308,0.01861170865064675,891348.8849961187
2004-08-01,25.174462226477765,27.192500070259694,0.021258461039960028,878529.4835122599
2004-09-01,25.668406776357692,27.725340561354173,0.021935435271590704,901086.1810180178
2004-10-01,25.41165566548933,27.447302225242797,0.023098591273938776,897291.8482057215
2004-11-01,26.465310814818032,28.582705258099526,0.020548552436493533,939641.6586786181
2004-12-01,27.144808694741226,29.3126391848572,0.018826546160026034,968826.8158190306
2005-01-01,26.587250697970372,28.70735652406563,0.01950447851084846,953768.1565401643
2005-02-01,26.744863128101173,28.87411008120951,0.019963856578660885,964258.6288703469
2005-03-01,26.339142131057923,28.43334654993353,0.01769901524712502,954348.1184864545
2005-04-01,25.408922569114456,27.427971644284636,0.021038014357879546,925152.2563491588
2005-05-01,25.650230187182967,27.686995391999115,0.022360152666665627,938491.0754497574
2005-06-01,26.068394871883985,28.13606784076826,0.022985694371145338,958479.1691584676
2005-07-01,26.287871091254736,28.369905062639273,0.021338558472624565,971323.8696282724
2005-08-01,26.104381410936135,28.16898074231743,0.021060729884604723,969386.0372312427
2005-09-01,25.730122990164453,27.76246340846557,0.02326286796146742,960373.4701382323
2005-10-01,24.876538723647943,26.840542701863463,0.02186831258412468,933309.5950938937
2005-11-01,25.931783309069004,27.977205472367217,0.018671943606583974,978156.037392462
2005-12-01,26.443803114292393,28.527159043907652,0.0182760880558126,1003207.0197705663
2006-01-01,26.468702626685708,28.55131189134449,0.018919623016402418,1010234.1707717554
2006-02-01,26.24962476358328,28.31295322067146,0.017610058371500793,1008044.9857893912
2006-03-01,26.32783777866768,28.395073733976638,0.016034756518481318,1017405.8632310724
2006-04-01,26.14728094387452,28.19840385660738,0.014071468701830257,1016890.3316545391
2006-05-01,25.650640708757326,27.661895284857206,0.013923101060018143,1003923.1777124881
2006-06-01,24.74958224164637,26.690943997751592,0.015479427109228186,974847.7372334178
2006-07-01,24.696786766853304,26.63487402222698,0.015872540365558525,978986.3170378283
2006-08-01,25.051393562010958,27.017418909973316,0.017404992388477425,999472.0040941653
2006-09-01,25.644156440797385,27.65591757527408,0.0172523585685797,1029835.2987405533
2006-10-01,26.538040282101708,28.617660202008324,0.014957394479780749,1072906.8272885333
2006-11-01,26.928020270856482,29.034995488566963,0.01536531799292988,1096029.0210534744
2006-12-01,27.282689787571677,29.413282471660686,0.01543494555305798,1117927.3217577797
2007-01-01,27.20753665680713,29.327838512792756,0.013525971882152814,1122260.262247671
2007-02-01,27.31518141351661,29.43918662944037,0.014006346214000473,1134117.4822757752
2007-03-01,26.227605554650893,28.264070221688126,0.017796929020727575,1096093.2604163215
2007-04-01,26.976268314189078,29.0666424430299,0.015974721669373623,1134557.2544566924
2007-05-01,27.548490451851258,29.6781593055392,0.01529394924756413,1165928.6158517788
2007-06-01,27.418262740410594,29.53331815294471,0.012036950871557872,1167701.5183458494
2007-07-01,27.410088167204314,29.52031070899066,0.012893722157572639,1174727.5360553085
2007-08-01,26.148607189312308,28.160884339006937,0.01757374924851382,1127460.9999018172
2007-09-01,26.725743047696913,28.78159697721206,0.018275363450433915,1158951.0111169298
2007-10-01,27.320648130462015,29.421547626363026,0.01732557871025585,1191090.726531981
2007-11-01,25.729053579498377,27.711039143379523,0.02406114015755905,1127164.4041817621
2007-12-01,25.955510105240222,27.95998154576386,0.0242803623121104,1141903.296300477
2008-01-01,24.022317760836817,25.886705943137244,0.031299207454085556,1060874.8220346537
2008-02-01,23.49526340181178,25.32946943190539,0.032340374978085375,1041271.3179126872
2008-03-01,22.606810842249335,24.384051798830367,0.037009681686571747,1005219.6238599069
2008-04-01,23.356040643201606,25.20409244125224,0.03432235534447031,1041570.9560218969
2008-05-01,23.696432116623175,25.58364787805183,0.032380178781063015,1059350.2850747334
2008-06-01,22.41681280228193,24.216735515654392,0.033494886255305924,1004252.8508906594
2008-07-01,20.90720646266157,22.60317738564227,0.038029082463546804,938285.5905128786
2008-08-01,21.401617360047926,23.155126607759275,0.03758600802202441,961930.9450293154
2008-09-01,20.362733946097514,22.05037387102864,0.041701440614025406,916571.5488165191
2008-10-01,16.387356548789832,17.77010791095578,0.051118977736672816,738937.523863729
2008-11-01,15.259659405704577,16.575738507639617,0.056442109765604806,688526.9165790505
2008-12-01,15.37608074742377,16.73284267021205,0.06604212911453507,693268.8429337239
2009-01-01,15.17465193687967,16.545978292697022,0.06610078491430062,682677.595314085
2009-02-01,14.122181801918897,15.431495098996725,0.0678959919812928,633744.7588074508
2009-03-01,13.323667656863929,14.592703772466335,0.07257764095499662,596226.3517732986
2009-04-01,14.98186645303925,16.441219972398454,0.06268316394846538,667987.7990022777
2009-05-01,15.996355755263156,17.585230774696516,0.0551458268811751,710385.9231926113
2009-06-01,16.38418281621534,18.040717081299736,0.050243597361463214,724505.9622150316
2009-07-01,16.694620816995617,18.410569541960605,0.05023756481696085,734891.0650819053
2009-08-01,18.094069801576083,19.979249781377394,0.04528872133608228,792754.7990782601
2009-09-01,18.83190226484008,20.81718057648998,0.04459761953591003,821142.6048798495
2009-10-01,19.358008443486835,21.420018718305094,0.04317009778018655,840033.9757332857
2009-11-01,19.812761079966055,21.93836705689298,0.04189601470940186,856987.9223515546
2009-12-01,20.32237650021654,22.511278992034388,0.03854959650499102,877576.2400976805
2010-01-01,20.527859801454415,22.74143027719746,0.03670267875025127,886444.0721885859
2010-02-01,19.920539306600446,22.070377804640188,0.038007944073646056,860525.101206488
2010-03-01,21.004601209715364,23.26919947297299,0.03459570815052708,907927.0158394938
2010-04-01,21.804845599625157,24.150482266532862,0.031766404576117534,943406.9142044055
2010-05-01,20.480068638423404,22.679628014583457,0.03899284791518768,887227.2658002797
2010-06-01,19.742039853739456,21.859418086479813,0.04238219488690162,856627.1626541138
2010-07-01,19.668660470717704,21.774656015068256,0.04425554769011075,855090.8479971936
2010-08-01,19.770299174358573,21.88271764122474,0.04723539354586325,861293.1739283819
2010-09-01,20.381395233204024,22.552614727121707,0.04574669553427989,889817.8797371134
2010-10-01,21.240127651759416,23.49381681004721,0.04481380288733909,929399.8115833396
2010-11-01,21.700723827760612,23.99318584990353,0.04159876370556093,952158.2174634277
2010-12-01,22.396379773044202,24.750553777970648,0.035101900448263786,985833.1485441992
2011-01-01,22.97829943055498,25.380551443716666,0.0328125394488806,1015144.6685325229
2011-02-01,23.489828703298524,25.931891523572496,0.0300599455536531,1042007.3667163993
2011-03-01,22.89933643014364,25.267990036105893,0.03361841514661042,1020480.0037956525
2011-04-01,23.143929447285938,25.526061033561685,0.03290822396948331,1036490.0599728473
2011-05-01,23.059491506095338,25.422751410495945,0.03598498252271458,1038457.5415478341
2011-06-01,22.100831286610994,24.359226657703832,0.03928355398486964,1001515.1977786762
2011-07-01,22.610981701156625,24.915089078411963,0.03864150412461091,1031683.5867119232
2011-08-01,20.049852721660496,22.0926187121208,0.051573026527262554,921857.8795537557
2011-09-01,19.698114568877713,21.70640003107508,0.05535835455144061,913213.6291283997
2011-10-01,20.155824786688754,22.212668163493955,0.05263931624005203,942754.3047424996
2011-11-01,20.345246797645817,22.423888769998204,0.0536640488217246,960251.0739415142
2011-12-01,20.523575499431697,22.623608815264827,0.053689049554547064,977619.0875342323
2012-01-01,21.21300809180345,23.386046013731445,0.05242371612296644,1019906.5973116085
2012-02-01,21.79743596371753,24.03193226064423,0.05120576009564928,1057724.2262459963
2012-03-01,22.053943972904705,24.31594200548782,0.0488728193026747,1080044.7944158514
2012-04-01,21.779246906824888,24.01513096576552,0.05038222012284446,1076401.2133727905
2012-05-01,20.941467419743475,23.09523798959689,0.05459875443949011,1044376.6398088249
2012-06-01,20.547504086856087,22.665536337915768,0.057106964442697764,1033878.1833943593
2012-07-01,20.99934129338056,23.16828960367119,0.05667885353740199,1065843.3175848967
2012-08-01,21.410428453442936,23.625464836831156,0.054492344264520584,1095879.8075400167
2012-09-01,21.78369030172768,24.04058910875294,0.053578290187035284,1124000.1758990767
2012-10-01,21.577109654528783,23.816813659366264,0.053508222372874684,1122031.8741408526
2012-11-01,20.8981620595737,23.073935342391632,0.05552737765751054,1095420.4684445786
2012-12-01,21.238261139845612,23.45631386718965,0.0540111379717348,1122310.4016935008
2013-01-01,21.900475413821805,24.193771416596878,0.05053793823643514,1166787.4599895277
2013-02-01,22.05272433686195,24.367396962422987,0.049571974966961654,1184328.0132352596
2013-03-01,22.419207114602575,24.7772008053697,0.04868479759534902,1213417.0176651746
2013-04-01,22.5956553961056,24.976932098870442,0.05045254718824471,1232363.9959595492
2013-05-01,23.411841781842412,25.881910504712504,0.04755909548888479,1286470.489249146
2013-06-01,22.925333173915334,25.347211669351644,0.044899452656777146,1269070.523070921
2013-07-01,23.49246017715964,25.976012306614166,0.04097532873190432,1309880.6517166395
2013-08-01,23.356649094916094,25.827397250944152,0.039356890135809064,1311635.3029426187
2013-09-01,23.442287167960604,25.923107076121415,0.038287251690726394,1325758.913800647
2013-10-01,23.83473788763143,26.356918954589563,0.03933151323085557,1357340.9359607846
2013-11-01,24.642077092412052,27.246316008132872,0.0370246860121494,1412632.342809407
2013-12-01,24.86186929646194,27.4837535986627,0.034968173305041074,1434263.8845882912
2014-01-01,24.859609093632702,27.474102609349302,0.03525327578846772,1442804.5377911949
2014-02-01,24.59093087789413,27.170675136889425,0.037019397023219054,1435646.7538413317
2014-03-01,24.95603915396538,27.566812365082868,0.03632398818406108,1465319.417695058
2014-04-01,24.786315396962635,27.37261057111368,0.036708065945364896,1463475.7167156052
2014-05-01,24.943274109902575,27.538632386895767,0.03771396234459973,1480750.0679894332
2014-06-01,25.558007623511287,28.208601072722153,0.03621589680131688,1525264.3411026811
2014-07-01,25.81754597615873,28.48563623713937,0.03654456762168658,1548708.030218527
2014-08-01,25.617606421799394,28.256055533515134,0.0378218159142647,1544700.4539697573
2014-09-01,25.9184368926062,28.578155878854144,0.03612999738374491,1571007.7400949039
2014-10-01,25.162748283083253,27.73694561828824,0.03879451714968593,1533302.5865903827
2014-11-01,26.60681714714342,29.318654523381454,0.03573089391385889,1629607.3169159866
2014-12-01,26.794085482572555,29.515332882231373,0.03646245242106454,1649309.984365149
2015-01-01,26.492295420383122,29.174671165351523,0.03949169066533734,1638744.199245954
2015-02-01,26.995513699383242,29.719916695619265,0.0376433553553971,1677821.913615282
2015-03-01,26.728605452928477,29.418369171807665,0.03722388031674779,1668848.9542378748
2015-04-01,26.79137168019233,29.480373846198756,0.037659701264943536,1680113.5539415516
2015-05-01,26.80611137965083,29.489896186353253,0.03566268687821994,1687976.9599447786
2015-06-01,26.49589529278484,29.142936079173246,0.034803820835284605,1674779.9302740092
2015-07-01,26.381136336399695,29.011703864238918,0.03490375080858251,1673351.1716586493
2015-08-01,25.6936584170577,28.252525181771908,0.03675283783365524,1635115.3538888996
2015-09-01,24.496752170486438,26.936105268538252,0.03725826904193179,1563870.8545267612
2015-10-01,25.49144104606675,28.028090261451545,0.0364149701817411,1632138.6321727398
2015-11-01,26.225851890971935,28.832783137035232,0.03402242255350267,1683573.7969349886
2015-12-01,25.965424037124173,28.544376783609156,0.03466942119815271,1670733.3222760793
2016-01-01,24.20616720387848,26.611684960823283,0.038363476058954765,1560909.2906667867
2016-02-01,24.00260677728976,26.389562040454276,0.041692460653196026,1551060.1411343957
2016-03-01,25.372298620187912,27.893951322288917,0.0382188111755389,1642687.544488174
2016-04-01,25.922337543673883,28.495838319794817,0.037801695835920884,1681238.5269633161
2016-05-01,25.69470992344997,28.243292837964628,0.038050579748610744,1669380.5071193478
2016-06-01,25.840372927670508,28.40074288458176,0.03966401577475907,1681674.0746714636
2016-07-01,26.6940032560963,29.33464911597545,0.03936142741185235,1739954.5112359792
2016-08-01,26.948872433723867,29.609327744137744,0.03830080605026436,1759218.1385066793
2016-09-01,26.727873346478532,29.360965010602893,0.03865194250332503,1747313.2510750722
2016-10-01,26.525143085070596,29.132461051587633,0.038318053948397796,1736322.4931078153
2016-11-01,26.850953531056266,29.48299745179279,0.03405357970283293,1759931.097240136
2016-12-01,27.86509822392353,30.58614185944885,0.029079989463697945,1828793.8673976273
2017-01-01,28.06357374212447,30.792138471115766,0.02970751383138063,1844352.23623768
2017-02-01,28.655106525184138,31.427485362109664,0.028848426114245387,1885952.8461292307
2017-03-01,29.086921742464654,31.88602629500565,0.026890511033075316,1917399.8373176637
2017-04-01,28.904245956275155,31.670821333081463,0.028550370848229603,1908805.2399153695
2017-05-01,29.313344980271427,32.10312156891897,0.027535015841958353,1939470.520916211
2017-06-01,29.74850324063276,32.56258379440213,0.028031372275517264,1972153.7473231393
2017-07-01,30.002220744018565,32.82244083848848,0.026402816566006154,1993032.760617401
2017-08-01,29.914959397497494,32.710126862242035,0.028090568896086635,1992027.9988592272
2017-09-01,30.16811441067891,32.97028077070134,0.02816721133662203,2014317.243291191
2017-10-01,30.92039329033384,33.775350452959316,0.02547915717932928,2070730.6213481212
2017-11-01,31.298913333880268,34.17293597222709,0.02458856585558608,2103612.238786966
2017-12-01,32.086132007706006,35.01714110660578,0.0233131297724968,2165559.717981845
2018-01-01,33.30734382803067,36.333940411695835,0.020418663333554896,2258567.0876122494
2018-02-01,32.03538233925029,34.93408478415629,0.018975837596655443,2183491.941688205
2018-03-01,31.808409057643125,34.67572864730246,0.018751132383798625,2179996.7455561175
2018-04-01,30.970179293325234,33.753721250693445,0.019090860063881377,2135256.5528853303
2018-05-01,31.24361507486461,34.04418706141888,0.017318266255325284,2168147.180511229
2018-06-01,31.63055649645461,34.45891963367427,0.016730979295013708,2210458.349653197
2018-07-01,31.886366962159,34.73177757132532,0.01615315085094792,2245278.6138778543
2018-08-01,32.39027688030113,35.2746294082956,0.016127083652587592,2299058.9272996695
2018-09-01,32.622891120500206,35.522018512241374,0.015065111583944898,2334994.1635091426
2018-10-01,31.037961078006507,33.79374384993607,0.0163400871283167,2241192.4240640113
2018-11-01,30.19558340670525,32.880333947031986,0.019163540746558325,2202069.85486049
2018-12-01,28.291857012072878,30.81833509502231,0.025024375553964872,2086274.6059576813
2019-01-01,28.380164463547587,30.929105694293334,0.025866221302712572,2118472.5365464273
2019-02-01,29.54154896513122,32.20864001068951,0.024705412201290352,2232546.0029127803
2019-03-01,29.57619601478483,32.26103863164944,0.026091124483199838,2263295.2182435147
2019-04-01,30.133517171387528,32.883690363719715,0.02614961805213017,2335223.1586952307
2019-05-01,29.24203093693986,31.926648340129933,0.028384138933322742,2294593.2481336268
2019-06-01,29.283796275306276,31.987942034596237,0.030885119389954155,2326388.6267575696
2019-07-01,29.986685335042534,32.7703881546062,0.034716014055352365,2411423.720025472
2019-08-01,28.705397371833083,31.38611285417006,0.03597141238067918,2335983.6248352095
2019-09-01,29.229520233035288,31.974134120476897,0.03466280741681184,2406194.494028623
2019-10-01,28.841122881953414,31.56428123057068,0.03515794146479674,2400964.166842323
2019-11-01,29.836867659083442,32.663322842582,0.03287424163086297,2508783.6919751535
2019-12-01,30.331822322243305,33.20928757730658,0.03191408326495829,2573097.405342015
2020-01-01,30.9852203002307,33.92315839928783,0.032265730188327416,2648956.294369725
2020-02-01,30.729689264735757,33.64365273159246,0.03538727551649873,2644971.290638731
2020-03-01,24.81716862909943,27.181633677916516,0.04880147089472059,2149311.245340456
2020-04-01,25.92735882528017,28.40796250754923,0.048317436544444876,2257227.898134563
2020-05-01,27.328480997698456,29.951773296263564,0.04616322986985427,2390074.797456372
2020-06-01,28.838315955122845,31.613284503327378,0.044301523235910654,2531775.6280794097
2020-07-01,29.599194927667007,32.453341337253306,0.04500188596956496,2606587.6033729054
2020-08-01,31.15820896535523,34.16566519998975,0.04319140417954554,2751512.1378173716
2020-09-01,30.839426043811255,33.81900485029864,0.04330560842791706,2730438.570472226
2020-10-01,31.28369403259285,34.30790857534535,0.04166069749022169,2776401.0722908746
2020-11-01,32.47320409661257,35.61203130196852,0.03958483715040775,2887933.7739285226
2020-12-01,33.7655914181171,37.02659640060424,0.03772721745925204,3008117.088570186
2021-01-01,34.5124322941069,37.84118046785664,0.03553473761967502,3079090.598386668
2021-02-01,35.10390717196983,38.48063819275208,0.033301489166802964,3138610.5126488535
2021-03-01,35.04254511219207,38.400680076306465,0.029582246986088728,3142118.754674507
2021-04-01,36.719814109133004,40.219749436274746,0.028158458253758532,3304169.5006289077
2021-05-01,36.55213398979908,40.01469143768444,0.02881834542561661,3302814.958037257
2021-06-01,36.69625801308837,40.14804952173047,0.0307615937653314,3331661.6271639923
2021-07-01,37.443383184615406,40.937356042115105,0.032616581086394966,3417474.21608372
2021-08-01,37.97350061407049,41.48683671871965,0.03257342884736948,3484982.1213756995
2021-09-01,37.6203466866512,41.07067653074051,0.032042416075777444,3472635.971387609
2021-10-01,37.25302500032531,40.638887886402216,0.031258728814100654,3459620.258538542
2021-11-01,38.582627497719216,42.05485761785898,0.031119985899904265,3606076.805002081
2021-12-01,38.30484987346743,41.71726581955467,0.03277335207679538,3604596.800959033
2022-01-01,36.936758070297444,40.194254833176544,0.031247786313865853,3501204.7158468333
2022-02-01,35.28714922569486,38.37049500911222,0.031293678922879584,3368842.311841865
2022-03-01,34.27079869329173,37.23941174160224,0.030716673054595876,3294815.426516016
2022-04-01,33.889164755913846,36.8008523483729,0.02510617987819619,3280442.8063230133
2022-05-01,30.673155079545133,33.29211089503784,0.02794254787447916,2989272.6133778854
2022-06-01,29.047721395103835,31.515503555204674,0.028915813659970382,2849454.3248218927
2022-07-01,29.00461831720893,31.45772714906699,0.03152220124246079,2863059.8598881755
2022-08-01,30.698763365175296,33.2818904022345,0.029013917428899805,3048759.4794607125
2022-09-01,28.229884655821973,30.59743234570382,0.02542655400299916,2820848.3334445045
2022-10-01,27.080766925400702,29.34699833609667,0.02278469007735029,2722639.1942928857
2022-11-01,28.378949016273317,30.747932135302193,0.022379046474016215,2869463.9849831886
2022-12-01,28.316901284527297,30.676157998177413,0.02511746270933321,2878645.2550497423
2023-01-01,28.334813423755705,30.691634492755664,0.026509359149697244,2895147.1596502946
2023-02-01,28.91976294386665,31.320528304023178,0.0233296729483026,2969705.5882864594
2023-03-01,27.938131253997902,30.25465535450815,0.025515858811858194,2883405.922085883
2023-04-01,28.764841267615378,31.145696913600176,0.027112004406285133,2983549.4025625736
2023-05-01,28.76205134313124,31.138125637345397,0.0260910083259151,2998018.643864595
2023-06-01,29.9400316459875,32.40654336099095,0.02300799778799184,3136070.263572697
2023-07-01,30.89165981365994,33.427875526957685,0.020634383972327502,3251435.5925873565
2023-08-01,30.304748245365207,32.78476908983154,0.0188855141037892,3205013.3699273793
2023-09-01,29.799681861350244,32.23107559802661,0.017480411780019335,3166593.7388454
2023-10-01,28.76905495498398,31.110796090030526,0.014708202841239325,3071611.743999015
2023-11-01,30.01322481738149,32.448080510002114,0.01627008812331098,3219466.3000175655
2023-12-01,31.45231092384457,33.99271328886767,0.01945227509651934,3389468.3215626865
2024-01-01,32.04512301259602,34.62030547506774,0.01864084809439077,3469275.688077218
2024-02-01,33.03719268559904,35.67760688980597,0.016458700663730955,3592732.5875273296
2024-03-01,33.75492017640601,36.437339841163194,0.015817560669086524,3686828.4748455845
2024-04-01,33.141593030769805,35.76160087570023,0.013126938242554193,3635492.4096373147
2024-05-01,33.77363454011197,36.428996869506626,0.012974480037317888,3720827.4241583883
2024-06-01,34.81054878004298,37.531221118283426,0.01363593708551497,3851661.2981550377
2024-07-01,35.443553078907236,38.19649689891522,0.01388238291797798,3938769.973444756
2024-08-01,34.91963134861477,37.61564619491894,0.018361273519699697,3897395.9542989717
2024-09-01,35.66018363515212,38.39592678594199,0.019354053101094486,3997103.3215747373
2024-10-01,36.58721052793016,39.37522609807071,0.015220655326476946,4118374.352372926
2024-11-01,37.350195655078785,40.17663215195987,0.012563737358393088,4222899.422918206
2024-12-01,37.71119169643464,40.54484473939826,0.012629503200459673,4283497.2961677555
2025-01-01,37.1292198521989,39.89996941138799,0.011803714511061821,4237854.195112538
2025-02-01,37.18717559369688,39.94340016769172,0.013571868642618765,4265318.931106723
2025-03-01,34.78475033985074,37.348615407456606,0.016748720593000505,4010248.9958231994
2025-04-01,32.62127034111352,35.01534134557437,0.018766545554738993,3781091.4806696177
2025-05-01,35.07669704372763,37.63733627717607,0.014911644872815814,4087910.9080058155
2025-06-01,36.11109213369692,38.73262487946789,0.014485410773323281,4232102.897786467
2025-07-01,37.47424619164658,40.17875583665276,0.01352666347937246,4417055.0502242865
2025-08-01,37.84614504488179,40.561172012259775,0.015006290735751212,4487615.325815727
2025-09-01,38.580387325388465,41.33093349662649,0.016326105961741926,4603072.15327725
2025-10-01,39.205692171126515,41.98307362310309,0.01668988944982278,4707732.325864683
2025-11-01,39.149566590415425,41.90617233423295,0.01629807117454922,4731833.406035173
2025-12-01,39.58164099324258,42.35175733008359,0.015850779544445814,4816213.071389233
2026-01-01,39.64081842859693,42.39849554687716,0.015323441565318605,4856412.578336
2026-02-01,39.01399720511149,41.71196268405552,0.01692925944912594,4813650.199266824
2026-03-01,37.03161144602039,39.57863778007197,0.01773546236728986,4602887.987707414
2026-04-01,38.13827810357586,40.745768359052754,0.016637844354551477,4776246.951318067
2026-05-01,40.1013593137296,42.82385053915856,0.013987639169478306,5061679.592557832
2026-06-01,40.150169734732664,42.85634258608182,0.013356678165109014,5109777.889499823
2026-07-01,40.00863615205682,42.64601134599887,0.012301592728882475,5131772.467375782
2026-08-01,40.98739354965891,43.667086582605066,0.011138016288175286,5272758.961231354
2026-09-01,40.58087409538742,43.21199789029356,0.008197963917198934,5235803.245811437
2026-10-01,40.710608577487044,43.32811219938697,0.005572419089988807,5268025.573055318
